--
-- PostgreSQL database dump
--

-- Dumped from database version 17.5
-- Dumped by pg_dump version 17.5

SET statement_timeout = 0;
SET lock_timeout = 0;
SET idle_in_transaction_session_timeout = 0;
SET transaction_timeout = 0;
SET client_encoding = 'UTF8';
SET standard_conforming_strings = on;
SELECT pg_catalog.set_config('search_path', '', false);
SET check_function_bodies = false;
SET xmloption = content;
SET client_min_messages = warning;
SET row_security = off;

--
-- Name: uuid-ossp; Type: EXTENSION; Schema: -; Owner: -
--

CREATE EXTENSION IF NOT EXISTS "uuid-ossp" WITH SCHEMA public;


--
-- Name: EXTENSION "uuid-ossp"; Type: COMMENT; Schema: -; Owner: 
--

COMMENT ON EXTENSION "uuid-ossp" IS 'generate universally unique identifiers (UUIDs)';


SET default_tablespace = '';

SET default_table_access_method = heap;

--
-- Name: attachments; Type: TABLE; Schema: public; Owner: postgres
--

CREATE TABLE public.attachments (
    id uuid DEFAULT public.uuid_generate_v4() NOT NULL,
    created_at timestamp with time zone,
    updated_at timestamp with time zone,
    deleted_at timestamp with time zone,
    transaction_id uuid NOT NULL,
    image text
);


ALTER TABLE public.attachments OWNER TO postgres;

--
-- Name: categories; Type: TABLE; Schema: public; Owner: postgres
--

CREATE TABLE public.categories (
    id uuid DEFAULT public.uuid_generate_v4() NOT NULL,
    created_at timestamp with time zone,
    updated_at timestamp with time zone,
    deleted_at timestamp with time zone,
    parent_id uuid,
    name character varying(50) NOT NULL,
    type character varying(50) NOT NULL
);


ALTER TABLE public.categories OWNER TO postgres;

--
-- Name: investment_types; Type: TABLE; Schema: public; Owner: postgres
--

CREATE TABLE public.investment_types (
    id uuid DEFAULT public.uuid_generate_v4() NOT NULL,
    created_at timestamp with time zone,
    updated_at timestamp with time zone,
    deleted_at timestamp with time zone,
    name character varying(50) NOT NULL,
    unit text
);


ALTER TABLE public.investment_types OWNER TO postgres;

--
-- Name: investments; Type: TABLE; Schema: public; Owner: postgres
--

CREATE TABLE public.investments (
    id uuid DEFAULT public.uuid_generate_v4() NOT NULL,
    created_at timestamp with time zone,
    updated_at timestamp with time zone,
    deleted_at timestamp with time zone,
    investment_type_id uuid NOT NULL,
    user_id uuid NOT NULL,
    name character varying(50) NOT NULL,
    amount numeric(18,2) NOT NULL,
    quantity numeric(18,2) NOT NULL,
    investment_date timestamp without time zone NOT NULL,
    description text
);


ALTER TABLE public.investments OWNER TO postgres;

--
-- Name: transactions; Type: TABLE; Schema: public; Owner: postgres
--

CREATE TABLE public.transactions (
    id uuid DEFAULT public.uuid_generate_v4() NOT NULL,
    created_at timestamp with time zone,
    updated_at timestamp with time zone,
    deleted_at timestamp with time zone,
    wallet_id uuid NOT NULL,
    category_id uuid NOT NULL,
    amount numeric(18,2) NOT NULL,
    transaction_date timestamp without time zone NOT NULL,
    description text
);


ALTER TABLE public.transactions OWNER TO postgres;

--
-- Name: users; Type: TABLE; Schema: public; Owner: postgres
--

CREATE TABLE public.users (
    id uuid DEFAULT public.uuid_generate_v4() NOT NULL,
    created_at timestamp with time zone,
    updated_at timestamp with time zone,
    deleted_at timestamp with time zone,
    name character varying(100) NOT NULL,
    email character varying(100) NOT NULL,
    password character varying(100) NOT NULL,
    role character varying(100) DEFAULT 'user'::character varying NOT NULL,
    email_verfied_at timestamp without time zone
);


ALTER TABLE public.users OWNER TO postgres;

--
-- Name: wallet_types; Type: TABLE; Schema: public; Owner: postgres
--

CREATE TABLE public.wallet_types (
    id uuid DEFAULT public.uuid_generate_v4() NOT NULL,
    created_at timestamp with time zone,
    updated_at timestamp with time zone,
    deleted_at timestamp with time zone,
    name character varying(50) NOT NULL,
    type character varying(50) NOT NULL,
    description text
);


ALTER TABLE public.wallet_types OWNER TO postgres;

--
-- Name: wallets; Type: TABLE; Schema: public; Owner: postgres
--

CREATE TABLE public.wallets (
    id uuid DEFAULT public.uuid_generate_v4() NOT NULL,
    created_at timestamp with time zone,
    updated_at timestamp with time zone,
    deleted_at timestamp with time zone,
    user_id uuid NOT NULL,
    wallet_type_id uuid NOT NULL,
    name character varying(50) NOT NULL,
    balance numeric(18,2) NOT NULL,
    number character varying(50) NOT NULL
);


ALTER TABLE public.wallets OWNER TO postgres;

--
-- Data for Name: attachments; Type: TABLE DATA; Schema: public; Owner: postgres
--

COPY public.attachments (id, created_at, updated_at, deleted_at, transaction_id, image) FROM stdin;
cf494e85-84e4-4740-a1d5-50de4324e9d2	2025-04-02 08:58:39.961593+00	2025-04-02 08:58:39.961593+00	\N	032726ce-8fc1-4595-87c2-c8c61063ce44	C:\\VSCode\\Go\\refina\\refina\\src\\assets\\attachments\\-20250402155839a248ae8a-7ab8-4810-a239-8e6b4841eb90.png
7778a649-ed0b-41f7-a27a-08f4f525b1aa	2025-04-02 08:58:39.966604+00	2025-04-02 08:58:39.966604+00	\N	032726ce-8fc1-4595-87c2-c8c61063ce44	C:\\VSCode\\Go\\refina\\refina\\src\\assets\\attachments\\-202504021558397ba7ad10-55d3-4285-9f21-0394075d90bb.jpg
20e85779-b2f8-4b63-98f7-501bcc3786df	2025-04-07 02:37:02.388633+00	2025-04-07 02:37:02.388633+00	\N	4a52b8f6-1941-4b3c-8966-c17a49488a38	C:\\VSCode\\Go\\refina\\refina\\src\\assets\\attachments\\-202504070937025b9bb1e9-360f-44d4-991b-bd556446952c.jpg
23aba04d-e451-4a07-98ad-2edaafd4be2e	2025-04-12 05:54:54.887269+00	2025-04-12 05:54:54.887269+00	\N	ba3b9152-544e-4ec1-9474-2af9fe83a97d	C:\\VSCode\\Go\\refina\\refina\\src\\assets\\attachments\\-20250412125454a7de7d27-d175-4398-8765-9bc5010b854c.jpg
6595b450-5821-405d-bbeb-96ca97ee9a11	2025-04-13 08:01:46.684871+00	2025-04-13 08:01:46.684871+00	\N	298979c6-1b98-4eff-be57-5f6bc86181c1	C:\\VSCode\\Go\\refina\\refina\\src\\assets\\attachments\\-20250413150146e39b346a-6936-422a-adaf-337967525c14.jpg
0099637a-b520-431b-8631-4a414f98db44	2025-04-13 08:01:46.723169+00	2025-04-13 08:01:46.723169+00	\N	e5b7bdf8-45d3-438c-9985-a651bf5da53d	C:\\VSCode\\Go\\refina\\refina\\src\\assets\\attachments\\-202504131501464a76890f-2d09-41ec-94c1-88f3581109b6.jpg
\.


--
-- Data for Name: categories; Type: TABLE DATA; Schema: public; Owner: postgres
--

COPY public.categories (id, created_at, updated_at, deleted_at, parent_id, name, type) FROM stdin;
86453a2c-b4ca-42e9-b4d0-dcc718ede024	2025-03-04 08:58:55.867954+00	2025-03-04 08:58:55.867954+00	\N	\N	Transportasi & Kendaraan	expense
78662c66-1299-4486-902c-7ea8543aa6fc	2025-03-04 08:58:55.873377+00	2025-03-04 08:58:55.873377+00	\N	86453a2c-b4ca-42e9-b4d0-dcc718ede024	Cicilan Kendaraan	expense
0c759c4a-41d8-4f4c-9e6c-7ddebba28420	2025-03-04 08:58:55.873377+00	2025-03-04 08:58:55.873377+00	\N	\N	Kebutuhan Pokok	expense
38bd3956-434c-4387-ad9c-9bc3938215ca	2025-03-04 08:58:55.876787+00	2025-03-04 08:58:55.876787+00	\N	0c759c4a-41d8-4f4c-9e6c-7ddebba28420	Belanja Bulanan	expense
00338e72-62e6-43d8-91d2-18e4f5438eca	2025-03-04 08:58:55.876787+00	2025-03-04 08:58:55.876787+00	\N	\N	Fashion & Perawatan Diri	expense
9d560a79-0c9c-430f-b2f4-2a1d83a69008	2025-03-04 08:58:55.877944+00	2025-03-04 08:58:55.877944+00	\N	00338e72-62e6-43d8-91d2-18e4f5438eca	Belanja Pakaian/Aksesoris	expense
e55a9430-68f1-406a-91a4-67aad81c8b44	2025-03-04 08:58:55.947543+00	2025-03-04 08:58:55.947543+00	\N	86453a2c-b4ca-42e9-b4d0-dcc718ede024	Servis & Perawatan Rutin	expense
552de2ae-6900-42ef-ace5-bfbdc1fce31a	2025-03-04 08:58:55.967181+00	2025-03-04 08:58:55.967181+00	\N	86453a2c-b4ca-42e9-b4d0-dcc718ede024	Parkir & Tol	expense
f35cb6b8-9445-493b-8725-7a449cf35e84	2025-03-04 08:58:55.969685+00	2025-03-04 08:58:55.969685+00	\N	86453a2c-b4ca-42e9-b4d0-dcc718ede024	Asuransi Kendaraan	expense
e370e303-d21f-4b46-9813-786279e239c3	2025-03-04 08:58:55.970347+00	2025-03-04 08:58:55.970347+00	\N	86453a2c-b4ca-42e9-b4d0-dcc718ede024	Biaya SIM & Surat-surat Lainnya	expense
ae009d3c-d03a-4e2e-a505-891f4adcdef7	2025-03-04 08:58:56.009639+00	2025-03-04 08:58:56.009639+00	\N	0c759c4a-41d8-4f4c-9e6c-7ddebba28420	Makanan & Minuman	expense
99315feb-1226-4ab9-b982-bc177aec3d2c	2025-03-04 08:58:56.015779+00	2025-03-04 08:58:56.015779+00	\N	0c759c4a-41d8-4f4c-9e6c-7ddebba28420	Perawatan Hewan Peliharaan	expense
296bca0d-9745-45fd-9501-4f752ab51ca6	2025-03-04 08:58:56.015779+00	2025-03-04 08:58:56.015779+00	\N	0c759c4a-41d8-4f4c-9e6c-7ddebba28420	Internet & Telepon	expense
86f87192-05ef-4cd2-a16e-b847a67864fe	2025-03-04 08:58:56.050792+00	2025-03-04 08:58:56.050792+00	\N	0c759c4a-41d8-4f4c-9e6c-7ddebba28420	Perlengkapan Kebersihan	expense
c54b2d78-0308-4efd-876e-b4e3b9aea54b	2025-03-04 08:58:56.050792+00	2025-03-04 08:58:56.050792+00	\N	86453a2c-b4ca-42e9-b4d0-dcc718ede024	Bahan Bakar & Pengisian Daya	expense
d9c4076d-a778-48e5-9914-6c679f9362ab	2025-03-04 08:58:56.077186+00	2025-03-04 08:58:56.077186+00	\N	0c759c4a-41d8-4f4c-9e6c-7ddebba28420	Transportasi Harian	expense
19195683-7b2a-4330-aef4-82ca6a8b07ba	2025-03-04 08:58:56.085226+00	2025-03-04 08:58:56.085226+00	\N	0c759c4a-41d8-4f4c-9e6c-7ddebba28420	Listrik, Air, & Gas	expense
91737b7e-428c-4a95-9d14-fa2de368eefc	2025-03-04 08:58:56.095312+00	2025-03-04 08:58:56.095312+00	\N	00338e72-62e6-43d8-91d2-18e4f5438eca	Sewa Kostum/Pakaian	expense
40190689-2071-42e7-9dde-626fe6682c68	2025-03-04 08:58:56.095312+00	2025-03-04 08:58:56.095312+00	\N	00338e72-62e6-43d8-91d2-18e4f5438eca	Perhiasan & Jam Tangan	expense
e1af1a1f-1608-4202-8f97-f9ab8881aa82	2025-03-04 08:58:56.097545+00	2025-03-04 08:58:56.097545+00	\N	00338e72-62e6-43d8-91d2-18e4f5438eca	Salon & Barbershop	expense
9bf8ebd7-d343-4ef6-9fbc-5fdf7d755291	2025-03-04 08:58:56.101814+00	2025-03-04 08:58:56.101814+00	\N	\N	Kesehatan	expense
f5c9edf2-f425-416f-a342-5e570ac5ff04	2025-03-04 08:58:56.113036+00	2025-03-04 08:58:56.113036+00	\N	\N	Hiburan & Rekreasi	expense
44dcaf31-5e6d-4910-a78c-a6be3513bab4	2025-03-04 08:58:56.11456+00	2025-03-04 08:58:56.11456+00	\N	9bf8ebd7-d343-4ef6-9fbc-5fdf7d755291	Asuransi Kesehatan	expense
809b3626-38ac-4b34-b662-d2fb44846d23	2025-03-04 08:58:56.116093+00	2025-03-04 08:58:56.116093+00	\N	9bf8ebd7-d343-4ef6-9fbc-5fdf7d755291	Layanan Kesehatan	expense
219b3106-3211-48f7-a383-f05bfff592c2	2025-03-04 08:58:56.126383+00	2025-03-04 08:58:56.126383+00	\N	f5c9edf2-f425-416f-a342-5e570ac5ff04	Langganan Digital	expense
2e7ec450-2547-415c-94d5-03be88d25bf7	2025-03-04 08:58:56.146691+00	2025-03-04 08:58:56.146691+00	\N	00338e72-62e6-43d8-91d2-18e4f5438eca	Perawatan Tubuh	expense
ceb9624d-0a53-48a9-8e08-81c1dc8ea96d	2025-03-04 08:58:56.147215+00	2025-03-04 08:58:56.147215+00	\N	86453a2c-b4ca-42e9-b4d0-dcc718ede024	Pajak Kendaraan	expense
b65dcd38-447d-48ce-a442-384bfa2cebef	2025-03-04 08:58:56.148961+00	2025-03-04 08:58:56.148961+00	\N	00338e72-62e6-43d8-91d2-18e4f5438eca	Laundry & Dry Cleaning	expense
14ce5686-60f8-468c-a6ca-979fd738b97e	2025-03-04 08:58:56.154516+00	2025-03-04 08:58:56.154516+00	\N	0c759c4a-41d8-4f4c-9e6c-7ddebba28420	Rokok & Alkohol	expense
5ec4ffe1-28ee-41ef-9a35-d806c7b8876b	2025-03-04 08:58:56.20388+00	2025-03-04 08:58:56.20388+00	\N	9bf8ebd7-d343-4ef6-9fbc-5fdf7d755291	Peralatan Kesehatan	expense
c92e4723-ef04-4c74-9aa1-39a7ed85391b	2025-03-04 08:58:56.22197+00	2025-03-04 08:58:56.22197+00	\N	9bf8ebd7-d343-4ef6-9fbc-5fdf7d755291	Obat-obatan & Resep Dokter	expense
5ef45b6c-0a48-4d76-a5fa-377db03fa448	2025-03-04 08:58:56.233543+00	2025-03-04 08:58:56.233543+00	\N	9bf8ebd7-d343-4ef6-9fbc-5fdf7d755291	Kesehatan Mental	expense
585bb27f-3068-471e-ac94-06ac5433870c	2025-03-04 08:58:56.233543+00	2025-03-04 08:58:56.233543+00	\N	9bf8ebd7-d343-4ef6-9fbc-5fdf7d755291	Medical Check-up	expense
9bcb4688-4491-4ecc-8542-5cd9cab31dc4	2025-03-04 08:58:56.260026+00	2025-03-04 08:58:56.260026+00	\N	9bf8ebd7-d343-4ef6-9fbc-5fdf7d755291	Suplemen & Vitamin	expense
2da1642b-21d6-4029-8d7f-8eece438f77e	2025-03-04 08:58:56.273036+00	2025-03-04 08:58:56.273036+00	\N	9bf8ebd7-d343-4ef6-9fbc-5fdf7d755291	Donor Darah/Organ	expense
fb6c5f86-9bd0-49a4-a0fc-2d6f85fbb52a	2025-03-04 08:58:56.279038+00	2025-03-04 08:58:56.279038+00	\N	00338e72-62e6-43d8-91d2-18e4f5438eca	Kosmetik & Skincare	expense
94002613-7ac8-4b62-be30-a7586a33a378	2025-03-04 08:58:56.294445+00	2025-03-04 08:58:56.294445+00	\N	f5c9edf2-f425-416f-a342-5e570ac5ff04	Event & Konser	expense
79898316-6cbc-410f-b29e-50f3ee1ed66f	2025-03-04 08:58:56.305807+00	2025-03-04 08:58:56.305807+00	\N	\N	Zonasi & Amal	expense
fc94ff6a-b0d6-4380-938f-77a9bd30f9e9	2025-03-04 08:58:56.312303+00	2025-03-04 08:58:56.312303+00	\N	79898316-6cbc-410f-b29e-50f3ee1ed66f	Donasi Pendidikan	expense
5f2428f5-bc5d-486f-a97c-a9eeb42eb3ba	2025-03-04 08:58:56.312303+00	2025-03-04 08:58:56.312303+00	\N	\N	Teknologi & Gadget	expense
2240402c-50ad-4e8e-bc54-7aee8f12ce40	2025-03-04 08:58:56.320061+00	2025-03-04 08:58:56.320061+00	\N	5f2428f5-bc5d-486f-a97c-a9eeb42eb3ba	Perbaikan & Aksesori Gadget	expense
59d19fac-50b5-44ea-9a37-1f4ca1a2856a	2025-03-04 08:58:56.320061+00	2025-03-04 08:58:56.320061+00	\N	f5c9edf2-f425-416f-a342-5e570ac5ff04	Koleksi & Kesenangan Pribadi	expense
34ab9958-f478-443d-976e-b9f5147c5a12	2025-03-04 08:58:56.321079+00	2025-03-04 08:58:56.321079+00	\N	f5c9edf2-f425-416f-a342-5e570ac5ff04	Hobi	expense
e900fe87-c4fc-4671-ba97-62d681a49643	2025-03-04 08:58:56.328083+00	2025-03-04 08:58:56.328083+00	\N	\N	Pendapatan Lainnya	income
635fdfd1-31f4-472c-8d52-e59a66c31351	2025-03-04 08:58:56.340122+00	2025-03-04 08:58:56.340122+00	\N	e900fe87-c4fc-4671-ba97-62d681a49643	Pendapatan Investasi	income
a367f356-831d-457d-8e65-c4234054e9d8	2025-03-04 08:58:56.341116+00	2025-03-04 08:58:56.341116+00	\N	\N	Pendapatan Sampingan	income
205ae397-e277-4576-b47e-fb9d6108190e	2025-03-04 08:58:56.344569+00	2025-03-04 08:58:56.344569+00	\N	a367f356-831d-457d-8e65-c4234054e9d8	Pendapatan dari Afiliasi	income
b1072a11-2665-4b62-a394-98307dc66ae4	2025-03-04 08:58:56.344569+00	2025-03-04 08:58:56.344569+00	\N	\N	Perumahan	expense
29629542-1592-4342-9fbd-7a443b3f0b72	2025-03-04 08:58:56.345611+00	2025-03-04 08:58:56.345611+00	\N	f5c9edf2-f425-416f-a342-5e570ac5ff04	Liburan	expense
01899e1d-93c1-4088-9b6d-1dd5d3ef7371	2025-03-04 08:58:56.347597+00	2025-03-04 08:58:56.347597+00	\N	b1072a11-2665-4b62-a394-98307dc66ae4	Biaya Keamanan	expense
2039958c-42da-4d78-8b20-176bf5716e70	2025-03-04 08:58:56.345611+00	2025-03-04 08:58:56.345611+00	\N	f5c9edf2-f425-416f-a342-5e570ac5ff04	Nongkrong di Kafe/Restoran	expense
221e09c7-a30c-4d82-aca6-cfdcd3a12aba	2025-03-04 08:58:56.348593+00	2025-03-04 08:58:56.348593+00	\N	\N	Tagihan & Utilitas	expense
398b9095-80ab-4880-a043-1b20e22092e4	2025-03-04 08:58:56.354508+00	2025-03-04 08:58:56.354508+00	\N	\N	Lainnya	expense
6d5bf1d4-f3a9-4ba4-910d-315db91fa04a	2025-03-04 08:58:56.351596+00	2025-03-04 08:58:56.351596+00	\N	f5c9edf2-f425-416f-a342-5e570ac5ff04	Nonton Bioskop/Streaming	expense
c7082370-6cb7-4432-af32-eb42643d7687	2025-03-04 08:58:56.363767+00	2025-03-04 08:58:56.363767+00	\N	221e09c7-a30c-4d82-aca6-cfdcd3a12aba	Tagihan Kartu Kredit	expense
3cbc0364-9a51-4707-bdc8-1fb70a75813d	2025-03-04 08:58:56.36631+00	2025-03-04 08:58:56.36631+00	\N	398b9095-80ab-4880-a043-1b20e22092e4	Biaya Perjalanan Dinas	expense
ca457f82-d35d-47db-9745-53ca6c22cb38	2025-03-04 08:58:56.368315+00	2025-03-04 08:58:56.368315+00	\N	\N	Gaji/Pendapatan Tetap	income
94e06887-016c-4773-8c6d-4e77dec449c6	2025-03-04 08:58:56.368315+00	2025-03-04 08:58:56.368315+00	\N	398b9095-80ab-4880-a043-1b20e22092e4	Biaya Tak Terduga	expense
c20eec2a-5f0c-49e3-920c-6de226fa156f	2025-03-04 08:58:56.369324+00	2025-03-04 08:58:56.369324+00	\N	398b9095-80ab-4880-a043-1b20e22092e4	Denda & Tilang	expense
bc08ac06-c868-459f-81bd-8997edd8b1a2	2025-03-04 08:58:56.373318+00	2025-03-04 08:58:56.373318+00	\N	ca457f82-d35d-47db-9745-53ca6c22cb38	Bonus Tahunan	income
c4f84515-dea4-4c91-bef8-c2466a2cd28c	2025-03-04 08:58:56.373318+00	2025-03-04 08:58:56.373318+00	\N	\N	Pendapatan Pasif	income
9b8cd790-68c2-4c0e-8df7-7d2a1ee36ec9	2025-03-04 08:58:56.376313+00	2025-03-04 08:58:56.376313+00	\N	c4f84515-dea4-4c91-bef8-c2466a2cd28c	Royalti	income
5c1e7eb5-51d0-463e-9e8f-e5c34e6f07f5	2025-03-04 08:58:56.377306+00	2025-03-04 08:58:56.377306+00	\N	\N	Pendidikan	expense
868ac9c5-d4b6-4c85-869e-60002a1efff9	2025-03-04 08:58:56.397524+00	2025-03-04 08:58:56.397524+00	\N	5c1e7eb5-51d0-463e-9e8f-e5c34e6f07f5	Biaya Ujian & Sertifikasi	expense
b0b60694-c0b9-4df9-b48b-95649b32bc05	2025-03-04 08:58:56.401527+00	2025-03-04 08:58:56.401527+00	\N	5c1e7eb5-51d0-463e-9e8f-e5c34e6f07f5	Transportasi Sekolah/Kampus	expense
a28ddab6-5cf9-49ac-88fa-cb332b555411	2025-03-04 08:58:56.438287+00	2025-03-04 08:58:56.438287+00	\N	79898316-6cbc-410f-b29e-50f3ee1ed66f	Bantuan Bencana Alam	expense
8cf0d0f3-b0c9-4eb4-8efc-e316c0d90399	2025-03-04 08:58:56.444939+00	2025-03-04 08:58:56.444939+00	\N	79898316-6cbc-410f-b29e-50f3ee1ed66f	Zakat	expense
0f871a1b-034d-4100-b83c-0e80046f1359	2025-03-04 08:58:56.493161+00	2025-03-04 08:58:56.493161+00	\N	79898316-6cbc-410f-b29e-50f3ee1ed66f	Donasi Sosial	expense
5bf20eda-d89a-44ff-a5ad-ece2e89ce1dd	2025-03-04 08:58:56.493161+00	2025-03-04 08:58:56.493161+00	\N	5f2428f5-bc5d-486f-a97c-a9eeb42eb3ba	Pembelian Gadget	expense
e6a3af62-02ca-4d6e-b786-583d4438e5ea	2025-03-04 08:58:56.545943+00	2025-03-04 08:58:56.545943+00	\N	79898316-6cbc-410f-b29e-50f3ee1ed66f	Sedekah	expense
a963c551-299c-4b71-8043-d6ae205ad011	2025-03-04 08:58:56.5639+00	2025-03-04 08:58:56.5639+00	\N	221e09c7-a30c-4d82-aca6-cfdcd3a12aba	Layanan Digital	expense
23e0bd87-2f13-4281-a188-b43fbcb4ed57	2025-03-04 08:58:56.584002+00	2025-03-04 08:58:56.584002+00	\N	ca457f82-d35d-47db-9745-53ca6c22cb38	Gaji Freelance	income
e3311cbb-9bf4-4c13-bd19-148361b4ee24	2025-03-04 08:58:56.584002+00	2025-03-04 08:58:56.584002+00	\N	e900fe87-c4fc-4671-ba97-62d681a49643	Refund/Pengembalian Dana	income
20a89ee1-5a10-4769-90bf-48a4d9902f1d	2025-03-04 08:58:56.584002+00	2025-03-04 08:58:56.584002+00	\N	b1072a11-2665-4b62-a394-98307dc66ae4	Sewa Rumah/Kontrakan	expense
5b98cb92-fdc2-418b-8387-0cc6bc786750	2025-03-04 08:58:56.595336+00	2025-03-04 08:58:56.595336+00	\N	c4f84515-dea4-4c91-bef8-c2466a2cd28c	Dividen Saham	income
1a4ef032-0f33-4ae5-8bcb-1e9e449e88dd	2025-03-04 08:58:56.718096+00	2025-03-04 08:58:56.718096+00	\N	221e09c7-a30c-4d82-aca6-cfdcd3a12aba	Tagihan PLN/PDAM/Gas	expense
45e5d635-09ec-4a8d-9e97-83016c0a3715	2025-03-04 08:58:56.717079+00	2025-03-04 08:58:56.717079+00	\N	398b9095-80ab-4880-a043-1b20e22092e4	Biaya Pernikahan	expense
b37ee611-f4ae-4b64-a2d2-fc5f197cd610	2025-03-04 08:58:56.745823+00	2025-03-04 08:58:56.745823+00	\N	5c1e7eb5-51d0-463e-9e8f-e5c34e6f07f5	Kegiatan Ekstrakurikuler	expense
6dcb6708-6e59-4b08-8431-3e7745f42a81	2025-03-04 08:58:56.786886+00	2025-03-04 08:58:56.786886+00	\N	5f2428f5-bc5d-486f-a97c-a9eeb42eb3ba	Langganan Software	expense
6899e818-5589-4584-9c6a-b2be7ea2f753	2025-03-04 08:58:56.799591+00	2025-03-04 08:58:56.799591+00	\N	398b9095-80ab-4880-a043-1b20e22092e4	Hadiah & Ucapan	expense
4200f46d-cb29-4171-9e44-227e93985987	2025-03-04 08:58:56.799591+00	2025-03-04 08:58:56.799591+00	\N	398b9095-80ab-4880-a043-1b20e22092e4	Keanggotaan	expense
17c53e46-21b4-4bc7-b31a-c8edc0deeb36	2025-03-04 08:58:56.800107+00	2025-03-04 08:58:56.800107+00	\N	b1072a11-2665-4b62-a394-98307dc66ae4	Perbaikan & Pemeliharaan Rumah	expense
cc147e77-1938-4963-90b3-04c6de73ea7f	2025-03-04 08:58:56.799222+00	2025-03-04 08:58:56.799222+00	\N	a367f356-831d-457d-8e65-c4234054e9d8	Pendapatan dari Hobi	income
9c1a1896-d798-48a8-a50d-d4d7efa14c18	2025-03-04 08:58:56.82079+00	2025-03-04 08:58:56.82079+00	\N	5f2428f5-bc5d-486f-a97c-a9eeb42eb3ba	Upgrade Perangkat	expense
debe06c6-a386-414b-b82c-b673f75bfe3c	2025-03-04 08:58:56.821805+00	2025-03-04 08:58:56.821805+00	\N	221e09c7-a30c-4d82-aca6-cfdcd3a12aba	Tagihan TV Kabel/Streaming	expense
370d87a4-b01b-4f03-82ea-1c10d4e9f282	2025-03-04 08:58:56.866529+00	2025-03-04 08:58:56.866529+00	\N	b1072a11-2665-4b62-a394-98307dc66ae4	Cicilan Rumah/KPR	expense
d592efcd-867a-46a4-a2cc-a30df091796b	2025-03-04 08:58:56.897389+00	2025-03-04 08:58:56.897389+00	\N	b1072a11-2665-4b62-a394-98307dc66ae4	Perlengkapan Rumah Tangga	expense
156dd521-efc8-4d8e-b4d5-c1dab2d88915	2025-03-04 08:58:56.931094+00	2025-03-04 08:58:56.931094+00	\N	5c1e7eb5-51d0-463e-9e8f-e5c34e6f07f5	Seragam & Perlengkapan Khusus	expense
d834d75e-5213-42c6-9deb-35411cabc17c	2025-03-04 08:58:56.967695+00	2025-03-04 08:58:56.967695+00	\N	b1072a11-2665-4b62-a394-98307dc66ae4	Dekorasi & Kebun	expense
2718e35b-ec13-4264-8c69-bd0eb5adabe6	2025-03-04 08:58:56.966675+00	2025-03-04 08:58:56.966675+00	\N	ca457f82-d35d-47db-9745-53ca6c22cb38	Honor Projek	income
6e432773-9290-4acf-b235-a62ea2a2389e	2025-03-04 08:58:56.9739+00	2025-03-04 08:58:56.9739+00	\N	5c1e7eb5-51d0-463e-9e8f-e5c34e6f07f5	Biaya Sekolah/Kuliah	expense
b952434f-7b32-419d-8884-cb5638117cf5	2025-03-04 08:58:56.976468+00	2025-03-04 08:58:56.976468+00	\N	5c1e7eb5-51d0-463e-9e8f-e5c34e6f07f5	Buku & Alat Tulis	expense
f1995058-5c77-49bf-8e48-a9c8a935c2c7	2025-03-04 08:58:56.976468+00	2025-03-04 08:58:56.976468+00	\N	b1072a11-2665-4b62-a394-98307dc66ae4	Asuransi Rumah	expense
4dec2f41-99b5-4367-9ab4-668aa37b4f09	2025-03-04 08:58:56.980498+00	2025-03-04 08:58:56.980498+00	\N	79898316-6cbc-410f-b29e-50f3ee1ed66f	Wakaf	expense
ca7d9a16-1c44-4e56-b147-0b6261ce3b33	2025-03-04 08:58:57.014219+00	2025-03-04 08:58:57.014219+00	\N	a367f356-831d-457d-8e65-c4234054e9d8	Jualan Online	income
c713f0d6-e643-475e-a34d-a26f6e1521e5	2025-03-04 08:58:57.014749+00	2025-03-04 08:58:57.014749+00	\N	e900fe87-c4fc-4671-ba97-62d681a49643	Penjualan Barang Bekas	income
4cbb5a2e-922b-425f-a800-7771e3d23db3	2025-03-04 08:58:57.028855+00	2025-03-04 08:58:57.028855+00	\N	e900fe87-c4fc-4671-ba97-62d681a49643	Hadiah/Uang Saku	income
edd852f8-560d-4ce0-a3b1-dea519f3f919	2025-03-04 08:58:57.034292+00	2025-03-04 08:58:57.034292+00	\N	5c1e7eb5-51d0-463e-9e8f-e5c34e6f07f5	Kursus/Pelatihan	expense
134d41a8-87dc-4aca-9a51-63396ef96afd	2025-03-04 08:58:57.049971+00	2025-03-04 08:58:57.049971+00	\N	c4f84515-dea4-4c91-bef8-c2466a2cd28c	Sewa Properti	income
1787ffb6-e2cf-4eac-a74c-c32451f0b243	2025-03-04 08:58:57.060542+00	2025-03-04 08:58:57.060542+00	\N	b1072a11-2665-4b62-a394-98307dc66ae4	Pajak Properti	expense
db405f69-173e-4867-8a81-da542339ff85	2025-03-04 08:58:57.060542+00	2025-03-04 08:58:57.060542+00	\N	5f2428f5-bc5d-486f-a97c-a9eeb42eb3ba	Biaya E-commerce	expense
5ddf661f-beb3-4339-979c-731ab6f57294	2025-03-04 08:58:57.068589+00	2025-03-04 08:58:57.068589+00	\N	221e09c7-a30c-4d82-aca6-cfdcd3a12aba	Biaya Administrasi	expense
fb6b1109-b7fe-4284-b17b-5f87877d8e81	2025-03-04 08:58:57.069364+00	2025-03-04 08:58:57.069364+00	\N	221e09c7-a30c-4d82-aca6-cfdcd3a12aba	Iuran Lingkungan	expense
4be6ddc3-f635-4a95-8b5f-b2dc4da7b249	2025-03-04 08:58:57.085108+00	2025-03-04 08:58:57.085108+00	\N	c4f84515-dea4-4c91-bef8-c2466a2cd28c	Bunga Deposito	income
4c59f52f-9353-401a-a0dc-8e3926f4858b	2025-03-04 08:58:57.118481+00	2025-03-04 08:58:57.118481+00	\N	ca457f82-d35d-47db-9745-53ca6c22cb38	Gaji Bulanan	income
cbe9ad70-0789-4be0-9bef-49270b9f040f	2025-03-04 08:58:56.802138+00	2025-04-01 00:51:10.25502+00	\N	398b9095-80ab-4880-a043-1b20e22092e4	Biaya Hukum & Notaris	expense
e8f83876-0e5c-4e88-b16b-f3229d5c8412	2025-04-02 00:29:16.391441+00	2025-04-02 00:29:16.391441+00	\N	\N	Pindah Dana	fund_transfer
75a19b5c-43b4-4f84-ad2c-f844c40eec24	2025-04-02 00:31:01.238577+00	2025-04-02 00:31:01.238577+00	\N	e8f83876-0e5c-4e88-b16b-f3229d5c8412	Cash In	fund_transfer
b5a5d097-6346-4b72-b975-8ebf0b4b72f1	2025-04-02 00:31:09.784333+00	2025-04-02 00:31:09.784333+00	\N	e8f83876-0e5c-4e88-b16b-f3229d5c8412	Cash Out	fund_transfer
8d99002a-f0be-4baf-aa40-6605dc9bbfa2	2025-04-13 08:09:25.438024+00	2025-04-13 08:09:25.438024+00	\N	\N	Bisnis	expense
66239d17-3320-4c98-9b8c-fb8d84827085	2025-04-13 08:09:25.474453+00	2025-04-13 08:09:25.474453+00	\N	\N	Investasi	expense
17f190f7-36fb-4785-83d0-029568e768c6	2025-04-13 08:09:25.474453+00	2025-04-13 08:09:25.474453+00	\N	8d99002a-f0be-4baf-aa40-6605dc9bbfa2	Pemasaran & Iklan	expense
99140343-3e68-40b2-8727-b94ab047f40e	2025-04-13 08:09:25.4833+00	2025-04-13 08:09:25.4833+00	\N	66239d17-3320-4c98-9b8c-fb8d84827085	Deposito	expense
b0a06cfe-a0bb-44c1-a95f-0a095e0f29a1	2025-04-13 08:09:25.487726+00	2025-04-13 08:09:25.487726+00	\N	\N	Utang	expense
05b2c62e-ea18-4892-8666-29b36985fd79	2025-04-13 08:09:25.494372+00	2025-04-13 08:09:25.494372+00	\N	b0a06cfe-a0bb-44c1-a95f-0a095e0f29a1	Utang Teman/Orang Tua	expense
dfadcd5b-85d6-44f0-8b26-2c4708c3eac2	2025-04-13 08:09:25.585312+00	2025-04-13 08:09:25.585312+00	\N	8d99002a-f0be-4baf-aa40-6605dc9bbfa2	Gaji Karyawan	expense
16322868-e075-4675-b980-ac3eae09cf32	2025-04-13 08:09:25.647411+00	2025-04-13 08:09:25.647411+00	\N	8d99002a-f0be-4baf-aa40-6605dc9bbfa2	Peralatan & Inventaris	expense
6fa7661f-3eaf-4a4d-827c-7c94df63b72c	2025-04-13 08:09:25.677082+00	2025-04-13 08:09:25.677082+00	\N	b0a06cfe-a0bb-44c1-a95f-0a095e0f29a1	Pinjaman Pribadi	expense
ed284ce6-3a43-489e-95bb-71da45074f95	2025-04-13 08:09:25.686367+00	2025-04-13 08:09:25.686367+00	\N	66239d17-3320-4c98-9b8c-fb8d84827085	Peer-to-Peer Lending	expense
b3de433a-6f85-4b4d-874f-e992e83e61ee	2025-04-13 08:09:25.692357+00	2025-04-13 08:09:25.692357+00	\N	b0a06cfe-a0bb-44c1-a95f-0a095e0f29a1	Cicilan Kendaraan	expense
9a62b2f5-3604-472b-af2a-5d620dd78983	2025-04-13 08:09:25.821199+00	2025-04-13 08:09:25.821199+00	\N	66239d17-3320-4c98-9b8c-fb8d84827085	Properti	expense
6bb08b72-56ed-455c-b1f5-93f9cc02cfdd	2025-04-13 08:09:25.827521+00	2025-04-13 08:09:25.827521+00	\N	8d99002a-f0be-4baf-aa40-6605dc9bbfa2	Biaya Transportasi Bisnis	expense
8c2e6120-0464-47f5-a45f-6e6afbaf1703	2025-04-13 08:09:25.860635+00	2025-04-13 08:09:25.860635+00	\N	66239d17-3320-4c98-9b8c-fb8d84827085	Cryptocurrency	expense
6411b40e-6694-40bd-818b-c587b2f02d25	2025-04-13 08:09:25.877948+00	2025-04-13 08:09:25.877948+00	\N	b0a06cfe-a0bb-44c1-a95f-0a095e0f29a1	Cicilan Rumah	expense
5a6e85aa-7d1c-4b2c-913d-a33ea33313f4	2025-04-13 08:09:25.89889+00	2025-04-13 08:09:25.89889+00	\N	8d99002a-f0be-4baf-aa40-6605dc9bbfa2	Modal Usaha	expense
36b3810b-fc88-4fac-b361-8ab8bdcbf8b7	2025-04-13 08:09:25.897887+00	2025-04-13 08:09:25.897887+00	\N	8d99002a-f0be-4baf-aa40-6605dc9bbfa2	Biaya Operasional	expense
9b6fa579-18ea-4049-9b82-bfbe09900dfb	2025-04-13 08:09:25.910618+00	2025-04-13 08:09:25.910618+00	\N	8d99002a-f0be-4baf-aa40-6605dc9bbfa2	Sewa Tempat Usaha	expense
10a812a1-9374-4f8a-8a85-64e5614177d1	2025-04-13 08:09:25.92305+00	2025-04-13 08:09:25.92305+00	\N	66239d17-3320-4c98-9b8c-fb8d84827085	Reksadana	expense
29bc1fb2-1c7e-4776-9406-a03d339c074f	2025-04-13 08:09:25.924374+00	2025-04-13 08:09:25.924374+00	\N	66239d17-3320-4c98-9b8c-fb8d84827085	Obligasi	expense
2ba84734-3fd9-4609-98e5-b09ba094f1fb	2025-04-13 08:09:25.933328+00	2025-04-13 08:09:25.933328+00	\N	b0a06cfe-a0bb-44c1-a95f-0a095e0f29a1	Kartu Kredit	expense
b58662ff-6bd5-4e68-a10a-6ce4e28f21b1	2025-04-13 08:09:25.971284+00	2025-04-13 08:09:25.971284+00	\N	66239d17-3320-4c98-9b8c-fb8d84827085	Saham	expense
1b257b1e-7e3f-4ce7-ac05-77d4d97bc7a8	2025-04-13 08:09:25.976907+00	2025-04-13 08:09:25.976907+00	\N	b0a06cfe-a0bb-44c1-a95f-0a095e0f29a1	Pinjaman Online	expense
5ab8f328-c493-4e76-a99d-4fdabf0f89bb	2025-04-13 08:14:25.159465+00	2025-04-13 08:14:25.159465+00	\N	66239d17-3320-4c98-9b8c-fb8d84827085	Emas	expense
\.


--
-- Data for Name: investment_types; Type: TABLE DATA; Schema: public; Owner: postgres
--

COPY public.investment_types (id, created_at, updated_at, deleted_at, name, unit) FROM stdin;
192676ca-569f-4e73-b2fc-0d1e772006f4	2025-03-07 08:33:22.518472+00	2025-03-07 08:33:22.518472+00	\N	Others	-
d90a40cb-6981-4847-b54b-a0affdcaf446	2025-03-07 08:33:22.521559+00	2025-03-07 08:33:22.521559+00	\N	Gold	Gram / Troy Ounce
a0e5075e-0fab-46ab-9719-4e3c97ba6ce5	2025-03-07 08:33:22.726456+00	2025-03-07 08:33:22.726456+00	\N	Government Securities	Nominal / Unit
c1991cd9-6e96-49cb-877b-c9fc3ea71303	2025-03-07 08:33:22.730306+00	2025-03-07 08:33:22.730306+00	\N	Bonds	Nominal / Lot
75d32c45-a81a-4ac1-a331-c4b7c22e2e75	2025-03-07 08:33:22.742061+00	2025-03-07 08:33:22.742061+00	\N	Stocks	Lembar
e18f9601-5331-4aa4-a0bc-960a7f46261d	2025-03-07 08:33:22.76423+00	2025-03-07 08:33:22.76423+00	\N	Mutual Funds	Unit Penyertaan (UP)
46113757-d86d-49b7-b604-a670ca5b40b1	2025-03-07 08:33:22.771928+00	2025-03-07 08:33:22.771928+00	\N	Deposits	Nominal
\.


--
-- Data for Name: investments; Type: TABLE DATA; Schema: public; Owner: postgres
--

COPY public.investments (id, created_at, updated_at, deleted_at, investment_type_id, user_id, name, amount, quantity, investment_date, description) FROM stdin;
\.


--
-- Data for Name: transactions; Type: TABLE DATA; Schema: public; Owner: postgres
--

COPY public.transactions (id, created_at, updated_at, deleted_at, wallet_id, category_id, amount, transaction_date, description) FROM stdin;
e5b7bdf8-45d3-438c-9985-a651bf5da53d	2025-04-13 08:01:46.639255+00	2025-04-13 08:01:46.639255+00	\N	63f462e6-23b5-480f-9b60-72dec314b341	b5a5d097-6346-4b72-b975-8ebf0b4b72f1	7351500.00	2025-04-13 08:00:23.644	fund transfer to ad76d679-e8ea-4447-99e8-ee83df34e384(Cash Out)
298979c6-1b98-4eff-be57-5f6bc86181c1	2025-04-13 08:01:46.648105+00	2025-04-13 08:01:46.648105+00	\N	ad76d679-e8ea-4447-99e8-ee83df34e384	75a19b5c-43b4-4f84-ad2c-f844c40eec24	7345000.00	2025-04-13 08:00:23.644	fund transfer from 63f462e6-23b5-480f-9b60-72dec314b341(Cash In)
ac1e34c9-9613-4044-ab49-673cd43400aa	2025-04-13 08:15:53.335614+00	2025-04-13 08:15:53.335614+00	\N	ad76d679-e8ea-4447-99e8-ee83df34e384	5ab8f328-c493-4e76-a99d-4fdabf0f89bb	7427476.00	2025-04-13 08:14:45.541	Emas Pluang 4gr
9f105ab7-2359-42c2-8bbc-aac2fbcffb96	2025-04-14 12:41:08.12688+00	2025-04-14 12:41:08.12688+00	\N	c42896bb-f908-45d7-a3c6-4a22e04e38d7	296bca0d-9745-45fd-9501-4f752ab51ca6	69000.00	2025-04-14 12:39:49.477	Paket Data 3 AON 14GB
47d59eff-e6d7-4dfb-90c1-015a7b9eab4f	2025-04-02 03:08:05.636871+00	2025-04-02 03:08:05.636871+00	\N	c42896bb-f908-45d7-a3c6-4a22e04e38d7	b5a5d097-6346-4b72-b975-8ebf0b4b72f1	2502500.00	2025-04-02 03:05:28.766	fund transfer to 63f462e6-23b5-480f-9b60-72dec314b341(Cash Out)
2500b591-321c-4271-891e-e6fbb0be9fcb	2025-04-02 03:08:05.699332+00	2025-04-02 03:08:05.699332+00	\N	63f462e6-23b5-480f-9b60-72dec314b341	75a19b5c-43b4-4f84-ad2c-f844c40eec24	2500000.00	2025-04-02 03:05:28.766	fund transfer from c42896bb-f908-45d7-a3c6-4a22e04e38d7(Cash In)
983cad5f-8307-40b4-b780-223f1f409b08	2025-04-02 09:09:35.984356+00	2025-04-02 09:09:35.984356+00	\N	f164a13d-8e1f-499a-bf74-ccbbd524e971	4cbb5a2e-922b-425f-a800-7771e3d23db3	500000.00	2025-04-02 09:08:59.244	THR Magang
032726ce-8fc1-4595-87c2-c8c61063ce44	2025-04-02 08:58:39.763041+00	2025-04-02 08:58:39.763041+00	\N	63f462e6-23b5-480f-9b60-72dec314b341	edd852f8-560d-4ce0-a3b1-dea519f3f919	99000.00	2025-04-02 09:08:59.244	Kelas Udemy PZN materi Golang
9464293d-fc46-457d-883b-ba6c516b2f71	2025-04-02 09:03:24.110707+00	2025-04-02 09:03:24.110707+00	\N	f164a13d-8e1f-499a-bf74-ccbbd524e971	4c59f52f-9353-401a-a0dc-8e3926f4858b	1000000.00	2025-04-02 09:08:59.244	Gaji Magang Bulanan
0e3d4bfb-cbc4-4462-9970-1efe00abba54	2025-04-07 02:34:13.397492+00	2025-04-07 02:34:13.397492+00	\N	ee396999-b9eb-4471-ab89-d84a3a20fd36	ae009d3c-d03a-4e2e-a505-891f4adcdef7	25000.00	2025-04-07 02:22:38.229	Beli makan di nganjuk
4a52b8f6-1941-4b3c-8966-c17a49488a38	2025-04-07 02:37:02.316957+00	2025-04-07 02:37:02.316957+00	\N	ee396999-b9eb-4471-ab89-d84a3a20fd36	ae009d3c-d03a-4e2e-a505-891f4adcdef7	50000.00	2025-04-07 02:34:15.516	gofood nasi goreng 3
07c2e098-8114-49ce-bd3a-fd2bacab2501	2025-04-08 12:36:31.702299+00	2025-04-08 12:36:31.702299+00	\N	63f462e6-23b5-480f-9b60-72dec314b341	ae009d3c-d03a-4e2e-a505-891f4adcdef7	5000.00	2025-04-08 12:36:02.913	Es teh + kerupuk di warkop
0f0a4cfd-9649-4c7e-ac85-3d0c13aab641	2025-04-08 12:37:10.413274+00	2025-04-08 12:37:10.413274+00	\N	ee396999-b9eb-4471-ab89-d84a3a20fd36	d9c4076d-a778-48e5-9914-6c679f9362ab	40000.00	2025-04-08 12:36:34.754	Pertalite vario 40000
ee00a579-3246-4ebd-93d0-3154519edddd	2025-04-08 12:42:21.475771+00	2025-04-08 12:42:21.475771+00	\N	ee396999-b9eb-4471-ab89-d84a3a20fd36	ae009d3c-d03a-4e2e-a505-891f4adcdef7	10000.00	2025-04-08 12:37:12.02	Cireng
e2d54e02-e5fa-462c-bf35-b78fb2e7df93	2025-04-12 05:49:59.295003+00	2025-04-12 05:49:59.295003+00	\N	63f462e6-23b5-480f-9b60-72dec314b341	ae009d3c-d03a-4e2e-a505-891f4adcdef7	4000.00	2025-04-12 05:44:05.2	es teh warkop
ba3b9152-544e-4ec1-9474-2af9fe83a97d	2025-04-12 05:54:54.856704+00	2025-04-12 05:54:54.856704+00	\N	63f462e6-23b5-480f-9b60-72dec314b341	635fdfd1-31f4-472c-8d52-e59a66c31351	49881.00	2025-04-12 05:50:04.139	Jual Reksadana Pasar Uang MPUSI 37.7698 unit Bibit
0924d77e-2c9d-440c-8332-aec9bb9e4776	2025-04-12 05:59:15.272265+00	2025-04-12 05:59:15.272265+00	\N	63f462e6-23b5-480f-9b60-72dec314b341	5ddf661f-beb3-4339-979c-731ab6f57294	5000.00	2025-04-12 05:58:39.121	Biaya Administrasi Kartu Debit Mandiri
5bbf5d11-4ae0-4342-a282-b3e161742c9e	2025-04-12 09:02:13.637782+00	2025-04-12 09:02:13.637782+00	\N	c42896bb-f908-45d7-a3c6-4a22e04e38d7	b5a5d097-6346-4b72-b975-8ebf0b4b72f1	3982500.00	2025-04-12 08:58:34.536	fund transfer to 63f462e6-23b5-480f-9b60-72dec314b341(Cash Out)
921a3dac-0ce1-47c0-bb35-8ae0ee4a814c	2025-04-12 09:02:13.688563+00	2025-04-12 09:02:13.688563+00	\N	63f462e6-23b5-480f-9b60-72dec314b341	75a19b5c-43b4-4f84-ad2c-f844c40eec24	3980000.00	2025-04-12 08:58:34.536	fund transfer from c42896bb-f908-45d7-a3c6-4a22e04e38d7(Cash In)
5230481e-36c2-4827-90d2-cb6710cc5f90	2025-04-13 07:39:25.086425+00	2025-04-13 07:39:25.086425+00	\N	c42896bb-f908-45d7-a3c6-4a22e04e38d7	b5a5d097-6346-4b72-b975-8ebf0b4b72f1	442500.00	2025-04-13 07:36:59.989	fund transfer to 63f462e6-23b5-480f-9b60-72dec314b341(Cash Out)
4ddafe02-80f1-4c30-9583-83294049e28a	2025-04-13 07:39:25.1118+00	2025-04-13 07:39:25.1118+00	\N	63f462e6-23b5-480f-9b60-72dec314b341	75a19b5c-43b4-4f84-ad2c-f844c40eec24	440000.00	2025-04-13 07:36:59.989	fund transfer from c42896bb-f908-45d7-a3c6-4a22e04e38d7(Cash In)
b5a76e9f-42ab-4985-ac9c-f200d83acbc5	2025-04-13 07:41:29.391818+00	2025-04-13 07:41:29.391818+00	\N	c42896bb-f908-45d7-a3c6-4a22e04e38d7	e3311cbb-9bf4-4c13-bd19-148361b4ee24	2500.00	2025-04-13 07:41:02.782	cashback
48281fb7-90cb-416c-b854-db491e4d3b0d	2025-04-13 07:53:56.540195+00	2025-04-13 07:53:56.540195+00	\N	63f462e6-23b5-480f-9b60-72dec314b341	b5a5d097-6346-4b72-b975-8ebf0b4b72f1	106500.00	2025-04-13 07:52:10.108	fund transfer to ad76d679-e8ea-4447-99e8-ee83df34e384(Cash Out)
2c7875a4-176f-444e-a10f-6f8493ca7f98	2025-04-13 07:53:56.544935+00	2025-04-13 07:53:56.544935+00	\N	ad76d679-e8ea-4447-99e8-ee83df34e384	75a19b5c-43b4-4f84-ad2c-f844c40eec24	97000.00	2025-04-13 07:52:10.108	fund transfer from 63f462e6-23b5-480f-9b60-72dec314b341(Cash In)
13d7092f-9b1e-46a5-9006-db0e077e9ba6	2025-04-14 12:44:15.594395+00	2025-04-14 12:44:15.594395+00	\N	c42896bb-f908-45d7-a3c6-4a22e04e38d7	e3311cbb-9bf4-4c13-bd19-148361b4ee24	2500.00	2025-04-14 12:44:00.295	cashback
26ecc77d-5ea4-4258-8e8e-b3ac296d52c2	2025-04-15 03:57:03.824418+00	2025-04-15 03:57:03.824418+00	\N	ee396999-b9eb-4471-ab89-d84a3a20fd36	9d560a79-0c9c-430f-b2f4-2a1d83a69008	65000.00	2025-04-15 03:51:17.749	Beli kaos polos di Tiktok
d8228632-1913-4f63-9011-4db5931e4089	2025-04-15 04:00:52.266506+00	2025-04-15 04:00:52.266506+00	\N	ee396999-b9eb-4471-ab89-d84a3a20fd36	ae009d3c-d03a-4e2e-a505-891f4adcdef7	15000.00	2025-04-15 04:00:36.96	Beli gorengan
59930ddc-1c53-4061-91bb-ebaef67e1a73	2025-04-08 12:37:10.583993+00	2025-04-08 12:37:10.583993+00	2025-04-15 04:34:14.187168+00	ee396999-b9eb-4471-ab89-d84a3a20fd36	d9c4076d-a778-48e5-9914-6c679f9362ab	40000.00	2025-04-08 12:36:34.754	Pertalite vario 40000
ddb679bd-bcc8-4e04-8839-3b5d2aad39da	2025-04-16 01:19:16.30367+00	2025-04-16 01:19:16.30367+00	\N	c42896bb-f908-45d7-a3c6-4a22e04e38d7	d9c4076d-a778-48e5-9914-6c679f9362ab	30000.00	2025-04-16 01:14:06.26	Pertalite vario 3lt
c9e6b20e-f055-458a-b621-66eeabf65e8b	2025-04-17 01:15:21.271426+00	2025-04-17 01:15:21.271426+00	\N	c42896bb-f908-45d7-a3c6-4a22e04e38d7	b5a5d097-6346-4b72-b975-8ebf0b4b72f1	21000.00	2025-04-17 01:13:41.012	fund transfer to d79c5197-e041-4510-b818-c5859a54eab4(Cash Out)
41c9db1c-13ee-4fb4-b674-98e7ff86a61f	2025-04-17 01:15:21.301607+00	2025-04-17 01:15:21.301607+00	\N	d79c5197-e041-4510-b818-c5859a54eab4	75a19b5c-43b4-4f84-ad2c-f844c40eec24	20000.00	2025-04-17 01:13:41.012	fund transfer from c42896bb-f908-45d7-a3c6-4a22e04e38d7(Cash In)
ba209277-4c98-4897-a2c3-b51a2327da50	2025-04-17 01:15:41.798999+00	2025-04-17 01:15:41.798999+00	\N	c42896bb-f908-45d7-a3c6-4a22e04e38d7	b5a5d097-6346-4b72-b975-8ebf0b4b72f1	14000.00	2025-04-17 01:15:24.739	fund transfer to d79c5197-e041-4510-b818-c5859a54eab4(Cash Out)
0587e2a6-0ac1-4d07-87c9-38d762a630b4	2025-04-17 01:15:41.801945+00	2025-04-17 01:15:41.801945+00	\N	d79c5197-e041-4510-b818-c5859a54eab4	75a19b5c-43b4-4f84-ad2c-f844c40eec24	13000.00	2025-04-17 01:15:24.739	fund transfer from c42896bb-f908-45d7-a3c6-4a22e04e38d7(Cash In)
23eeecf8-caed-4c4f-8a72-f02faf8be463	2025-04-17 01:17:20.335971+00	2025-04-17 01:17:20.335971+00	\N	c42896bb-f908-45d7-a3c6-4a22e04e38d7	e3311cbb-9bf4-4c13-bd19-148361b4ee24	1000.00	2025-04-17 01:16:56.458	cashback
5dbec6d3-6988-48be-8412-ee5522d6a7f7	2025-04-17 01:17:43.787638+00	2025-04-17 01:17:43.787638+00	\N	c42896bb-f908-45d7-a3c6-4a22e04e38d7	e3311cbb-9bf4-4c13-bd19-148361b4ee24	1000.00	2025-04-17 01:17:23.002	cashback
d5ea5bf6-f42b-47d6-a071-8df7affe5564	2025-04-17 23:49:47.623775+00	2025-04-17 23:49:47.623775+00	\N	c42896bb-f908-45d7-a3c6-4a22e04e38d7	b5a5d097-6346-4b72-b975-8ebf0b4b72f1	99000.00	2025-04-17 23:49:19.002	fund transfer to Shopeepay(Cash Out)
99325f41-3cec-40ac-8972-6e6d63fb26b4	2025-04-17 23:49:47.644714+00	2025-04-17 23:49:47.644714+00	\N	d79c5197-e041-4510-b818-c5859a54eab4	75a19b5c-43b4-4f84-ad2c-f844c40eec24	99000.00	2025-04-17 23:49:19.002	fund transfer from BTN KIP Kuliah(Cash In)
d783d1b5-6f61-4aad-895b-7e4f5ae392ad	2025-04-17 23:51:46.450107+00	2025-04-17 23:51:46.450107+00	\N	d79c5197-e041-4510-b818-c5859a54eab4	94e06887-016c-4773-8c6d-4e77dec449c6	7779.00	2025-04-17 23:50:24.386	Video panduan linux
2f374359-122d-4066-b2d8-013540c75c1b	2025-04-17 23:52:13.419086+00	2025-04-17 23:52:13.419086+00	\N	d79c5197-e041-4510-b818-c5859a54eab4	94e06887-016c-4773-8c6d-4e77dec449c6	12100.00	2025-04-17 23:51:49.031	Video belajar excel
96c4e168-40f2-4dfd-bb18-de67f1175400	2025-04-17 23:52:42.866045+00	2025-04-17 23:52:42.866045+00	\N	d79c5197-e041-4510-b818-c5859a54eab4	94e06887-016c-4773-8c6d-4e77dec449c6	11249.00	2025-04-17 23:52:16.348	Video fundamental excel
8b135554-19e2-4bbb-99b8-f086813780f6	2025-04-17 23:53:24.186371+00	2025-04-17 23:53:24.186371+00	\N	d79c5197-e041-4510-b818-c5859a54eab4	9d560a79-0c9c-430f-b2f4-2a1d83a69008	96760.00	2025-04-17 23:52:45.548	Beli cincin + gravir di shopee
f7834823-df16-4328-8e8d-784ac7b7d5d3	2025-04-19 03:14:50.895371+00	2025-04-19 03:14:50.895371+00	\N	ee396999-b9eb-4471-ab89-d84a3a20fd36	c54b2d78-0308-4efd-876e-b4e3b9aea54b	20000.00	2025-04-19 03:13:18.796	Pertalite Pom Mini Revo
9fec62fe-eaaa-40b2-8d3b-cc72d45f3101	2025-04-19 03:15:38.611375+00	2025-04-19 03:15:38.611375+00	\N	c42896bb-f908-45d7-a3c6-4a22e04e38d7	ae009d3c-d03a-4e2e-a505-891f4adcdef7	19500.00	2025-04-19 03:14:54.335	Nasi goreng + esteh warkop
032694b7-3f1c-4011-873b-db445d98ffe0	2025-04-19 03:16:56.536477+00	2025-04-19 03:16:56.536477+00	\N	c42896bb-f908-45d7-a3c6-4a22e04e38d7	e3311cbb-9bf4-4c13-bd19-148361b4ee24	2500.00	2025-04-19 03:16:40.266	cashback
dec8856c-5d82-4a7a-b647-ec2d9c75c172	2025-04-22 01:19:52.586486+00	2025-04-22 01:19:52.586486+00	\N	c42896bb-f908-45d7-a3c6-4a22e04e38d7	d9c4076d-a778-48e5-9914-6c679f9362ab	40000.00	2025-04-22 01:16:36.705	Pertalite vario 4lt
75647ee6-f18b-41b8-b6be-5d62943452b8	2025-04-22 01:21:14.223503+00	2025-04-22 01:21:14.223503+00	\N	c42896bb-f908-45d7-a3c6-4a22e04e38d7	219b3106-3211-48f7-a383-f05bfff592c2	20000.00	2025-04-22 01:20:33.969	Subscribe PM via Discord
b7f5187b-71bd-45e8-9f4a-a1ad7f3c303d	2025-04-25 01:32:15.506255+00	2025-04-25 01:32:15.506255+00	\N	ee396999-b9eb-4471-ab89-d84a3a20fd36	4c59f52f-9353-401a-a0dc-8e3926f4858b	1000000.00	2025-04-25 01:31:49.016	Gaji Magang Bulanan
79dffe1b-57b0-4214-a4c9-78ec0e7cd05d	2025-04-25 01:32:59.861375+00	2025-04-25 01:32:59.861375+00	\N	ee396999-b9eb-4471-ab89-d84a3a20fd36	e6a3af62-02ca-4d6e-b786-583d4438e5ea	400000.00	2025-04-25 01:32:18.38	mama
1a7d249c-3006-428b-88ab-a44bae90e592	2025-04-25 01:33:34.087778+00	2025-04-25 01:33:34.087778+00	\N	ee396999-b9eb-4471-ab89-d84a3a20fd36	e6a3af62-02ca-4d6e-b786-583d4438e5ea	100000.00	2025-04-25 01:33:03.346	adik
cdfd3be7-f01e-48b8-bf5b-b4fda528f674	2025-04-25 01:34:06.711531+00	2025-04-25 01:34:06.711531+00	\N	ee396999-b9eb-4471-ab89-d84a3a20fd36	ae009d3c-d03a-4e2e-a505-891f4adcdef7	24000.00	2025-04-25 01:33:37.813	singkong krispi
85ebbfdf-1da8-44e8-8a19-82d4598b0645	2025-04-25 01:35:02.997846+00	2025-04-25 01:35:02.997846+00	\N	ee396999-b9eb-4471-ab89-d84a3a20fd36	2e7ec450-2547-415c-94d5-03be88d25bf7	76000.00	2025-04-25 01:34:09.228	beli facewash dan sunscreen di indomart
27cf2dc9-cbc3-49ef-ad29-0daa83c88f0d	2025-04-25 01:38:15.514565+00	2025-04-25 01:38:15.514565+00	\N	63f462e6-23b5-480f-9b60-72dec314b341	635fdfd1-31f4-472c-8d52-e59a66c31351	472296.00	2025-04-25 01:35:24.81	Jual Reksadana MPUSI 340 unit
7a4b232a-0595-4d1e-b626-3e18e8a15d99	2025-04-25 01:39:13.110515+00	2025-04-25 01:39:13.110515+00	\N	63f462e6-23b5-480f-9b60-72dec314b341	635fdfd1-31f4-472c-8d52-e59a66c31351	528691.00	2025-04-25 01:38:18.856	Jual Reksadana SSSF 437 unit
eadecf44-fa8a-45b9-8018-5e6f17f9bce4	2025-04-28 01:25:49.600384+00	2025-04-28 01:25:49.600384+00	\N	ee396999-b9eb-4471-ab89-d84a3a20fd36	ae009d3c-d03a-4e2e-a505-891f4adcdef7	20000.00	2025-04-28 01:25:25.157	bubur ayam 2
abff7759-ff82-4e46-a8b1-5625dcf9d814	2025-04-28 01:26:58.442712+00	2025-04-28 01:26:58.442712+00	\N	ee396999-b9eb-4471-ab89-d84a3a20fd36	34ab9958-f478-443d-976e-b9f5147c5a12	50000.00	2025-04-28 01:25:52.798	mini soccer msc 2 jam
ea5060e8-9ac0-47e1-923d-903d178babf3	2025-04-28 01:28:40.925122+00	2025-04-28 01:28:40.925122+00	\N	ee396999-b9eb-4471-ab89-d84a3a20fd36	d9c4076d-a778-48e5-9914-6c679f9362ab	39000.00	2025-04-28 01:27:05.024	Pertalite vario 3.9lt
a42618df-54e7-4d81-b1a6-4eba6141956d	2025-04-28 01:30:27.694411+00	2025-04-28 01:30:27.694411+00	\N	ee396999-b9eb-4471-ab89-d84a3a20fd36	552de2ae-6900-42ef-ace5-bfbdc1fce31a	3000.00	2025-04-28 01:30:08.723	parkir msc
51c3adc9-b35b-44be-8eae-ac73b69ba02a	2025-04-30 01:16:28.539226+00	2025-04-30 01:16:28.539226+00	\N	ee396999-b9eb-4471-ab89-d84a3a20fd36	ae009d3c-d03a-4e2e-a505-891f4adcdef7	5000.00	2025-04-30 01:16:01.058	goodday freeze kantin ketintang
1003631e-dcbd-413d-a65d-c45e842a77a9	2025-04-30 01:18:15.180826+00	2025-04-30 01:18:15.180826+00	\N	ee396999-b9eb-4471-ab89-d84a3a20fd36	b952434f-7b32-419d-8884-cb5638117cf5	10000.00	2025-04-30 01:16:35.722	print draft ia + map
39641e0b-3884-440a-9b26-05468b747f34	2025-04-30 01:18:51.263271+00	2025-04-30 01:18:51.263271+00	\N	ee396999-b9eb-4471-ab89-d84a3a20fd36	e1af1a1f-1608-4202-8f97-f9ab8881aa82	15000.00	2025-04-30 01:18:19.553	potong rambut
cfac467d-3f73-440e-98ca-75415e866743	2025-05-01 01:38:05.321674+00	2025-05-01 01:38:05.321674+00	\N	ee396999-b9eb-4471-ab89-d84a3a20fd36	ae009d3c-d03a-4e2e-a505-891f4adcdef7	8000.00	2025-05-01 01:37:44.294	tahu bulat
096d17a3-64e1-469e-a8fb-4b12afb19f97	2025-05-01 01:38:42.972346+00	2025-05-01 01:38:42.972346+00	\N	63f462e6-23b5-480f-9b60-72dec314b341	b5a5d097-6346-4b72-b975-8ebf0b4b72f1	901000.00	2025-05-01 01:38:09.19	fund transfer to Dompet(Cash Out)
3ffd2abf-6e57-4d92-a40b-175178688308	2025-05-01 01:38:42.988358+00	2025-05-01 01:38:42.988358+00	\N	ee396999-b9eb-4471-ab89-d84a3a20fd36	75a19b5c-43b4-4f84-ad2c-f844c40eec24	900000.00	2025-05-01 01:38:09.19	fund transfer from Tabungan NOW(Cash In)
7b95ce7d-7d26-4b6c-b653-9e1a09119ed8	2025-05-01 01:44:56.977325+00	2025-05-01 01:44:56.977325+00	\N	63f462e6-23b5-480f-9b60-72dec314b341	fb6c5f86-9bd0-49a4-a0fc-2d6f85fbb52a	24710.00	2025-05-01 01:44:19.666	clay gatsby shopee
9b4ffe57-3b99-4d91-95a8-999fc2e90fe2	2025-05-01 01:46:43.142621+00	2025-05-01 01:46:43.142621+00	\N	63f462e6-23b5-480f-9b60-72dec314b341	5ddf661f-beb3-4339-979c-731ab6f57294	5000.00	2025-05-01 01:45:57.146	biaya administrasi rekening mandiri
f3cebf73-1579-42cb-8b48-03513ef41426	2025-05-01 01:47:14.849715+00	2025-05-01 01:47:14.849715+00	\N	63f462e6-23b5-480f-9b60-72dec314b341	5ddf661f-beb3-4339-979c-731ab6f57294	1000.00	2025-05-01 01:46:56.095	biaya administrasi kartu debit mandiri
978f7f68-754b-4569-9cff-e4b2fdff41e8	2025-05-12 08:45:12.489943+00	2025-05-12 08:45:12.489943+00	\N	63f462e6-23b5-480f-9b60-72dec314b341	b5a5d097-6346-4b72-b975-8ebf0b4b72f1	61000.00	2025-05-12 08:44:29.557	fund transfer to Gopay(Cash Out)
2c1bc95b-fea3-4f72-8b35-663da671a96b	2025-05-12 08:45:12.492083+00	2025-05-12 08:45:12.492083+00	\N	59ae3342-9c61-4b61-a46c-75b0244fb29a	75a19b5c-43b4-4f84-ad2c-f844c40eec24	60000.00	2025-05-12 08:44:29.557	fund transfer from Tabungan NOW(Cash In)
90fcfb86-a4fd-47ce-a318-0ac9642c21dc	2025-05-12 08:46:46.135235+00	2025-05-12 08:46:46.135235+00	\N	59ae3342-9c61-4b61-a46c-75b0244fb29a	ae009d3c-d03a-4e2e-a505-891f4adcdef7	59500.00	2025-05-12 08:45:52.129	beli semangka
2c605043-8bd8-49b4-be1c-e61e83a22e83	2025-05-12 08:48:18.447403+00	2025-05-12 08:48:18.447403+00	\N	59ae3342-9c61-4b61-a46c-75b0244fb29a	ae009d3c-d03a-4e2e-a505-891f4adcdef7	573.00	2025-05-12 08:47:48.998	gofood nasi goreng 3
4c9dfe9c-7fb4-4ddc-b453-6139d5dbf9e5	2025-05-12 08:49:45.830122+00	2025-05-12 08:49:45.830122+00	\N	c42896bb-f908-45d7-a3c6-4a22e04e38d7	b5a5d097-6346-4b72-b975-8ebf0b4b72f1	100000.00	2025-05-12 08:48:22.38	fund transfer to Tabungan NOW(Cash Out)
7a5a326a-1211-4a1a-9d02-508940410cfe	2025-05-12 08:49:45.830497+00	2025-05-12 08:49:45.830497+00	\N	63f462e6-23b5-480f-9b60-72dec314b341	75a19b5c-43b4-4f84-ad2c-f844c40eec24	100000.00	2025-05-12 08:48:22.38	fund transfer from BTN KIP Kuliah(Cash In)
8e6f5a40-0051-4dfd-8bca-9a3e072e94be	2025-05-12 08:50:11.413832+00	2025-05-12 08:50:11.413832+00	\N	ee396999-b9eb-4471-ab89-d84a3a20fd36	b5a5d097-6346-4b72-b975-8ebf0b4b72f1	600000.00	2025-05-12 08:49:39.16	fund transfer to Tabungan NOW(Cash Out)
48d48d58-0756-4c97-b274-8c22a8eca09e	2025-05-12 08:50:11.414121+00	2025-05-12 08:50:11.414121+00	\N	63f462e6-23b5-480f-9b60-72dec314b341	75a19b5c-43b4-4f84-ad2c-f844c40eec24	600000.00	2025-05-12 08:49:39.16	fund transfer from Dompet(Cash In)
44074bf4-6d03-4c1f-a3df-fb52f57c0408	2025-05-12 08:53:33.880195+00	2025-05-12 08:53:33.880195+00	\N	63f462e6-23b5-480f-9b60-72dec314b341	6dcb6708-6e59-4b08-8431-3e7745f42a81	724000.00	2025-05-12 08:50:04.612	vps kvm 2 hostinger 1 tahun + pajak
03699bd2-10be-404c-b0ce-5178ff5039a5	2025-05-12 08:54:37.442538+00	2025-05-12 08:54:37.442538+00	\N	63f462e6-23b5-480f-9b60-72dec314b341	5ddf661f-beb3-4339-979c-731ab6f57294	5000.00	2025-05-12 08:54:02.034	Biaya Admin Kartu Mandiri
41e7a5a4-a72a-45a1-b2a9-ba686c231727	2025-05-12 08:57:37.2073+00	2025-05-12 08:57:37.2073+00	\N	63f462e6-23b5-480f-9b60-72dec314b341	94e06887-016c-4773-8c6d-4e77dec449c6	70.00	2025-05-12 08:57:03.944	Balancing balance
193a0195-0b70-452a-88d3-1a844ba832f9	2025-05-12 09:02:01.656833+00	2025-05-12 09:02:01.656833+00	\N	ee396999-b9eb-4471-ab89-d84a3a20fd36	ae009d3c-d03a-4e2e-a505-891f4adcdef7	23000.00	2025-05-12 08:58:33.916	gado-gado + gorengan
c975076f-2042-4318-8d07-191d4637961d	2025-05-12 09:03:29.958646+00	2025-05-12 09:03:29.958646+00	\N	ee396999-b9eb-4471-ab89-d84a3a20fd36	ae009d3c-d03a-4e2e-a505-891f4adcdef7	52000.00	2025-05-12 09:01:53.861	alfamart online
1094e3c7-1e62-4da3-a223-81787efed148	2025-05-12 09:04:35.75556+00	2025-05-12 09:04:35.75556+00	\N	ee396999-b9eb-4471-ab89-d84a3a20fd36	ae009d3c-d03a-4e2e-a505-891f4adcdef7	44000.00	2025-05-12 09:03:22.376	mie gacoan 4
8aa2d4aa-3c85-47ce-9173-029d35bc6887	2025-05-12 09:05:07.845467+00	2025-05-12 09:05:07.845467+00	\N	ee396999-b9eb-4471-ab89-d84a3a20fd36	552de2ae-6900-42ef-ace5-bfbdc1fce31a	3000.00	2025-05-12 09:04:28.409	parkir gacoan
84656ebb-903a-4d42-88b4-7648213e28c6	2025-05-12 09:10:38.972718+00	2025-05-12 09:10:38.972718+00	\N	ee396999-b9eb-4471-ab89-d84a3a20fd36	ae009d3c-d03a-4e2e-a505-891f4adcdef7	25000.00	2025-05-12 09:04:59.326	es degan
418f7049-094d-4645-9cca-4cb5ecc4b72d	2025-05-12 09:11:11.854196+00	2025-05-12 09:11:11.854196+00	\N	ee396999-b9eb-4471-ab89-d84a3a20fd36	ae009d3c-d03a-4e2e-a505-891f4adcdef7	12000.00	2025-05-12 09:10:31.585	es degan
7d83428b-1bbc-4970-a84f-68f3bf8b2b1f	2025-05-14 02:13:03.718065+00	2025-05-14 02:13:03.718065+00	\N	ee7c1bb6-cf7c-4e15-a82e-613e920e4e28	ae009d3c-d03a-4e2e-a505-891f4adcdef7	4000.00	2025-05-14 02:12:39.688	Aqua
d70d7260-4dba-4089-a599-139322940ad2	2025-05-15 10:43:25.878429+00	2025-05-15 10:43:25.878429+00	\N	ee396999-b9eb-4471-ab89-d84a3a20fd36	4c59f52f-9353-401a-a0dc-8e3926f4858b	350000.00	2025-05-15 10:42:38.387	Gaji magang 2 minggu PJS
792f4b0a-618a-4c16-8a9f-0d2066631b56	2025-05-16 02:51:29.10939+00	2025-05-16 02:51:29.10939+00	\N	ee396999-b9eb-4471-ab89-d84a3a20fd36	d9c4076d-a778-48e5-9914-6c679f9362ab	45000.00	2025-05-16 02:50:49.057	Pertalite vario 4.5lt
f6db500b-5003-4e18-9af9-98c389fed2a3	2025-05-16 11:05:51.899727+00	2025-05-16 11:05:51.899727+00	\N	c42896bb-f908-45d7-a3c6-4a22e04e38d7	b5a5d097-6346-4b72-b975-8ebf0b4b72f1	10000.00	2025-05-16 11:05:04.778	fund transfer to Gopay(Cash Out)
098e4a0c-1221-476e-81d0-08b30ecaf1b7	2025-05-16 11:05:51.901808+00	2025-05-16 11:05:51.901808+00	\N	59ae3342-9c61-4b61-a46c-75b0244fb29a	75a19b5c-43b4-4f84-ad2c-f844c40eec24	10000.00	2025-05-16 11:05:04.778	fund transfer from BTN KIP Kuliah(Cash In)
a21eb2ca-34fd-4239-87c7-4092d37e8326	2025-05-16 11:06:39.280389+00	2025-05-16 11:06:39.280389+00	\N	59ae3342-9c61-4b61-a46c-75b0244fb29a	ae009d3c-d03a-4e2e-a505-891f4adcdef7	9178.00	2025-05-16 11:05:54.914	Beli nasi bungkus + tambahan nasi kulit
b6cee6bd-c814-494e-8f6a-43f71d8181f9	2025-05-18 16:14:32.686639+00	2025-05-18 16:14:32.686639+00	\N	ee396999-b9eb-4471-ab89-d84a3a20fd36	ae009d3c-d03a-4e2e-a505-891f4adcdef7	5000.00	2025-05-18 16:14:13.428	Es teh custom
db526baa-4b1f-457d-a6c6-0f571fc56079	2025-05-20 02:16:09.00477+00	2025-05-20 02:16:09.00477+00	\N	ee396999-b9eb-4471-ab89-d84a3a20fd36	b5a5d097-6346-4b72-b975-8ebf0b4b72f1	400000.00	2025-05-20 02:15:21.899	fund transfer to Gopay(Cash Out)
9d73fe12-4ac3-4343-8436-afbdd505a21d	2025-05-20 02:16:09.008363+00	2025-05-20 02:16:09.008363+00	\N	59ae3342-9c61-4b61-a46c-75b0244fb29a	75a19b5c-43b4-4f84-ad2c-f844c40eec24	397000.00	2025-05-20 02:15:21.899	fund transfer from Dompet(Cash In)
322f221b-8571-4ff2-9118-936536909dce	2025-05-20 02:17:24.930994+00	2025-05-20 02:17:24.930994+00	\N	59ae3342-9c61-4b61-a46c-75b0244fb29a	219b3106-3211-48f7-a383-f05bfff592c2	10000.00	2025-05-20 02:16:59.351	Subscribe PM via discord (oline)
c25b9633-1ca9-4e40-95fb-c364bc355260	2025-05-20 03:25:12.614318+00	2025-05-20 03:25:12.614318+00	\N	59ae3342-9c61-4b61-a46c-75b0244fb29a	219b3106-3211-48f7-a383-f05bfff592c2	359388.00	2025-05-20 03:24:10.195	Upgrade OFC JKT48 1 tahun
42c06118-d170-4a85-8034-f18f62649c16	2025-05-24 22:21:24.059446+00	2025-05-24 22:21:24.059446+00	\N	ee396999-b9eb-4471-ab89-d84a3a20fd36	ae009d3c-d03a-4e2e-a505-891f4adcdef7	15000.00	2025-05-24 22:20:50.412	cibay 3 bungkus
98ef8dc7-021d-4acd-ba35-07a495fc6ac4	2025-05-24 22:22:10.778595+00	2025-05-24 22:22:10.778595+00	\N	ee396999-b9eb-4471-ab89-d84a3a20fd36	d9c4076d-a778-48e5-9914-6c679f9362ab	20000.00	2025-05-24 22:21:34.092	Pertalite vario 2lt
f461cddb-656c-4383-8a16-25f801029d66	2025-05-24 22:23:01.435173+00	2025-05-24 22:23:01.435173+00	\N	ee396999-b9eb-4471-ab89-d84a3a20fd36	552de2ae-6900-42ef-ace5-bfbdc1fce31a	6000.00	2025-05-24 22:21:56.853	rumah bunga cafe & air terjun putuk truno
88ae2c86-82c2-4dcf-9928-e1d7c94f8cc8	2025-05-24 22:24:29.174329+00	2025-05-24 22:24:29.174329+00	\N	ee396999-b9eb-4471-ab89-d84a3a20fd36	ae009d3c-d03a-4e2e-a505-891f4adcdef7	19000.00	2025-05-24 22:22:47.148	sari roti + goodday indomaret
2a2ceea9-246e-4498-a507-77a02ec64775	2025-05-24 22:26:13.196622+00	2025-05-24 22:26:13.196622+00	\N	ee396999-b9eb-4471-ab89-d84a3a20fd36	ae009d3c-d03a-4e2e-a505-891f4adcdef7	2000.00	2025-05-24 22:25:27.336	air putih masjid cheng hoo
ef4ae18c-0db8-4c5b-b8ff-3d2b1c408cb6	2025-05-24 22:26:47.548965+00	2025-05-24 22:26:47.548965+00	\N	ee396999-b9eb-4471-ab89-d84a3a20fd36	ae009d3c-d03a-4e2e-a505-891f4adcdef7	5000.00	2025-05-24 22:25:59.706	air putih air terjun putuk truno
3c67e15b-336e-4b2e-aab8-c0015b3f82df	2025-05-24 22:43:05.707517+00	2025-05-24 22:43:05.707517+00	\N	c42896bb-f908-45d7-a3c6-4a22e04e38d7	219b3106-3211-48f7-a383-f05bfff592c2	25000.00	2025-05-24 22:41:22.74	Subscribe PM via discord
1ec8d510-a048-4934-8941-842ed96a6899	2025-05-25 03:28:59.639798+00	2025-05-25 03:28:59.639798+00	\N	c42896bb-f908-45d7-a3c6-4a22e04e38d7	ae009d3c-d03a-4e2e-a505-891f4adcdef7	46500.00	2025-05-25 03:27:54.265	hot tiramisu+bakmie goreng rumah bunga cafe (+admin)
209bb5a5-b82c-4b56-9e40-c817040d2d61	2025-05-25 15:05:03.724319+00	2025-05-25 15:05:03.724319+00	\N	ee396999-b9eb-4471-ab89-d84a3a20fd36	552de2ae-6900-42ef-ace5-bfbdc1fce31a	5000.00	2025-05-25 15:04:44.89	Royal
8173d133-24ec-4156-bce9-f5452427cbce	2025-05-26 02:24:42.479396+00	2025-05-26 02:24:42.479396+00	\N	f164a13d-8e1f-499a-bf74-ccbbd524e971	b5a5d097-6346-4b72-b975-8ebf0b4b72f1	1000000.00	2025-05-26 02:24:02.442	fund transfer to Dompet(Cash Out)
403c4f96-8bd6-49ee-a850-5e6fb003a29b	2025-05-26 02:24:42.480161+00	2025-05-26 02:24:42.480161+00	\N	ee396999-b9eb-4471-ab89-d84a3a20fd36	75a19b5c-43b4-4f84-ad2c-f844c40eec24	1000000.00	2025-05-26 02:24:02.442	fund transfer from Celengan(Cash In)
413a53f9-767d-45d8-a909-3e9aad07de8c	2025-05-26 02:25:49.846269+00	2025-05-26 02:25:49.846269+00	\N	ee396999-b9eb-4471-ab89-d84a3a20fd36	d9c4076d-a778-48e5-9914-6c679f9362ab	47000.00	2025-05-26 02:24:46.091	Pertalite vario 4.7lt
77738d56-ae9f-4255-affb-8237d217a21f	2025-05-26 02:26:41.527803+00	2025-05-26 02:26:41.527803+00	\N	ee396999-b9eb-4471-ab89-d84a3a20fd36	b5a5d097-6346-4b72-b975-8ebf0b4b72f1	351500.00	2025-05-26 02:25:52.942	fund transfer to Gopay(Cash Out)
2b6ce79b-ed3c-4c4a-ba57-d40abffeb891	2025-05-26 02:26:41.528575+00	2025-05-26 02:26:41.528575+00	\N	59ae3342-9c61-4b61-a46c-75b0244fb29a	75a19b5c-43b4-4f84-ad2c-f844c40eec24	350000.00	2025-05-26 02:25:52.942	fund transfer from Dompet(Cash In)
abab14de-8405-43a7-8b3f-50546e59fb20	2025-05-26 02:30:27.591322+00	2025-05-26 02:30:27.591322+00	\N	59ae3342-9c61-4b61-a46c-75b0244fb29a	34ab9958-f478-443d-976e-b9f5147c5a12	359388.00	2025-05-26 02:27:32.699	Top up JKT48 points
70ce74b9-66ff-4c48-a5ec-742c5ce51839	2025-05-28 10:43:07.862491+00	2025-05-28 10:43:07.862491+00	\N	ee396999-b9eb-4471-ab89-d84a3a20fd36	ae009d3c-d03a-4e2e-a505-891f4adcdef7	50000.00	2025-05-28 10:42:49.383	Ayam bakar mama cicik
e2ce646b-2320-47f9-a7c0-16482c487927	2025-05-28 14:17:24.164815+00	2025-05-28 14:17:24.164815+00	\N	63f462e6-23b5-480f-9b60-72dec314b341	5ddf661f-beb3-4339-979c-731ab6f57294	1000.00	2025-05-28 14:16:45.175	Biaya administrasi kartu debit
d34c7752-3f1f-4396-b0e1-f0d587604293	2025-05-28 14:23:31.534392+00	2025-05-28 14:23:31.534392+00	\N	c42896bb-f908-45d7-a3c6-4a22e04e38d7	e3311cbb-9bf4-4c13-bd19-148361b4ee24	2500.00	2025-05-28 14:23:00.607	cashback
ff5720a4-2097-48dd-a67f-dbaaa01dd626	2025-05-28 14:26:27.372747+00	2025-05-28 14:26:27.372747+00	\N	ee396999-b9eb-4471-ab89-d84a3a20fd36	552de2ae-6900-42ef-ace5-bfbdc1fce31a	2000.00	2025-05-28 14:26:07.849	Parkir Indomaret 
e72f2119-b128-402b-8a94-b981c9e1f472	2025-05-28 14:02:36.393353+00	2025-05-28 14:02:36.393353+00	\N	ee396999-b9eb-4471-ab89-d84a3a20fd36	b5a5d097-6346-4b72-b975-8ebf0b4b72f1	121500.00	2025-05-28 14:00:56.626	fund transfer to Gopay(Cash Out)
e70c739d-564f-4f70-9ede-81b47239cb21	2025-05-28 14:02:36.397135+00	2025-05-28 14:02:36.397135+00	\N	59ae3342-9c61-4b61-a46c-75b0244fb29a	75a19b5c-43b4-4f84-ad2c-f844c40eec24	120000.00	2025-05-28 14:00:56.626	fund transfer from Dompet(Cash In)
1b2041fe-18a1-4d77-acba-485dddb22f41	2025-05-28 14:05:18.266283+00	2025-05-28 14:05:18.266283+00	\N	59ae3342-9c61-4b61-a46c-75b0244fb29a	b5a5d097-6346-4b72-b975-8ebf0b4b72f1	121000.00	2025-05-28 14:02:53.405	fund transfer to OVO(Cash Out)
1529df40-038e-487e-9906-5cec73629cdd	2025-05-28 14:05:18.26693+00	2025-05-28 14:05:18.26693+00	\N	ee7c1bb6-cf7c-4e15-a82e-613e920e4e28	75a19b5c-43b4-4f84-ad2c-f844c40eec24	120000.00	2025-05-28 14:02:53.405	fund transfer from Gopay(Cash In)
4e19ebd1-ac7e-47b2-8db5-d6ea1a9f5fdc	2025-05-28 14:09:10.848084+00	2025-05-28 14:09:10.848084+00	\N	ee7c1bb6-cf7c-4e15-a82e-613e920e4e28	34ab9958-f478-443d-976e-b9f5147c5a12	120000.00	2025-05-28 14:05:24.935	Joki 2s 2 member
074ea09c-13e4-41f6-89b7-71e0c32069fe	2025-05-28 14:15:34.685335+00	2025-05-28 14:15:34.685335+00	\N	ee7c1bb6-cf7c-4e15-a82e-613e920e4e28	5ddf661f-beb3-4339-979c-731ab6f57294	2000.00	2025-05-28 14:09:14.09	biaya top up ovo
0113c9a0-9867-4242-84a2-4ece256e80c4	2025-05-30 01:00:23.00007+00	2025-05-30 01:00:23.00007+00	\N	ee396999-b9eb-4471-ab89-d84a3a20fd36	d592efcd-867a-46a4-a2cc-a30df091796b	26000.00	2025-05-30 00:59:24.343	Checkout panci lazada
a96bef9a-5b0c-4a9f-826a-ad33fe87f87e	2025-05-30 01:00:53.43693+00	2025-05-30 01:00:53.43693+00	\N	59ae3342-9c61-4b61-a46c-75b0244fb29a	ae009d3c-d03a-4e2e-a505-891f4adcdef7	5000.00	2025-05-30 01:00:25.173	Esteh STK
f18d6880-d85e-46d2-a70d-535004a95828	2025-05-30 01:01:13.028539+00	2025-05-30 01:01:13.028539+00	\N	ee396999-b9eb-4471-ab89-d84a3a20fd36	ae009d3c-d03a-4e2e-a505-891f4adcdef7	10000.00	2025-05-30 01:00:56.092	Kerupuk 
65cb3f4f-814e-427d-b378-6a1df1fb54d2	2025-05-30 12:25:25.196531+00	2025-05-30 12:25:25.196531+00	\N	ee396999-b9eb-4471-ab89-d84a3a20fd36	ae009d3c-d03a-4e2e-a505-891f4adcdef7	5000.00	2025-05-30 12:24:53.813	Es teh warkop
37a9be0f-88f6-4b5d-beb9-8bd365f0e002	2025-05-30 12:25:54.524643+00	2025-05-30 12:25:54.524643+00	\N	59ae3342-9c61-4b61-a46c-75b0244fb29a	ae009d3c-d03a-4e2e-a505-891f4adcdef7	6000.00	2025-05-30 12:25:27.582	indomie warkop
19bdd367-d831-4850-9c0f-d8dc75cf16b7	2025-05-30 12:30:49.296664+00	2025-05-30 12:30:49.296664+00	\N	ee396999-b9eb-4471-ab89-d84a3a20fd36	c54b2d78-0308-4efd-876e-b4e3b9aea54b	20000.00	2025-05-30 12:28:43.091	Pertalite revo 2lt
a6288609-33db-40a2-94a1-a955df489900	2025-06-01 00:27:58.237391+00	2025-06-01 00:27:58.237391+00	\N	63f462e6-23b5-480f-9b60-72dec314b341	4c59f52f-9353-401a-a0dc-8e3926f4858b	697500.00	2025-06-01 00:27:20.235	Gaji magang
527a4e69-b288-4e67-9aeb-2caedb2159a0	2025-06-01 00:30:14.948806+00	2025-06-01 00:30:14.948806+00	\N	63f462e6-23b5-480f-9b60-72dec314b341	5ddf661f-beb3-4339-979c-731ab6f57294	5000.00	2025-06-01 00:29:52.583	Biaya administrasi rekening
d0da63ba-1e19-41bc-b936-108ec44ced89	2025-06-01 12:31:58.344954+00	2025-06-01 12:31:58.344954+00	\N	ee396999-b9eb-4471-ab89-d84a3a20fd36	e6a3af62-02ca-4d6e-b786-583d4438e5ea	400000.00	2025-06-01 12:30:50.113	Mama
b2e636d9-61e6-48ed-aded-61d6865c7a2e	2025-06-01 12:32:19.36985+00	2025-06-01 12:32:19.36985+00	\N	ee396999-b9eb-4471-ab89-d84a3a20fd36	e6a3af62-02ca-4d6e-b786-583d4438e5ea	100000.00	2025-06-01 12:32:01.79	Adek
dd17645a-4d7e-4282-8bbf-bb342da07d24	2025-06-02 23:05:16.927163+00	2025-06-02 23:05:16.927163+00	\N	63f462e6-23b5-480f-9b60-72dec314b341	9d560a79-0c9c-430f-b2f4-2a1d83a69008	90380.00	2025-06-02 23:04:51.255	Cincin + gravir
7797610b-f69e-4236-8210-9240902dc91e	2025-06-05 06:01:26.89693+00	2025-06-05 06:01:26.89693+00	\N	63f462e6-23b5-480f-9b60-72dec314b341	296bca0d-9745-45fd-9501-4f752ab51ca6	69000.00	2025-06-05 05:59:19.365	Paket Data 3 AON 14GB
de073325-538a-4753-b180-9337bd8d06d6	2025-06-05 13:41:32.191163+00	2025-06-05 13:41:32.191163+00	\N	ee396999-b9eb-4471-ab89-d84a3a20fd36	ae009d3c-d03a-4e2e-a505-891f4adcdef7	40000.00	2025-06-05 13:40:51.61	Terang bulan + gorengan
1c89b774-0e49-49e9-9362-7a3a75f82f72	2025-06-05 13:42:11.786991+00	2025-06-05 13:42:11.786991+00	\N	ee396999-b9eb-4471-ab89-d84a3a20fd36	ae009d3c-d03a-4e2e-a505-891f4adcdef7	7000.00	2025-06-05 13:41:49.443	Kopi susu custom 
b0c86ae9-7c9e-4167-a44a-23ed5abaf873	2025-06-05 13:44:35.279124+00	2025-06-05 13:44:35.279124+00	\N	63f462e6-23b5-480f-9b60-72dec314b341	b5a5d097-6346-4b72-b975-8ebf0b4b72f1	102500.00	2025-06-05 13:44:19.639	fund transfer to BCA Xpresi(Cash Out)
adc96638-dc2b-45bf-9f06-1372678fd94b	2025-06-05 13:44:35.280725+00	2025-06-05 13:44:35.280725+00	\N	496b6cec-588b-4556-ad37-716e1e9e1b37	75a19b5c-43b4-4f84-ad2c-f844c40eec24	100000.00	2025-06-05 13:44:19.639	fund transfer from Tabungan NOW(Cash In)
e8b7e774-c3fe-4a66-a97e-4a821146e6d6	2025-06-06 02:03:07.179251+00	2025-06-06 02:03:07.179251+00	\N	63f462e6-23b5-480f-9b60-72dec314b341	5ddf661f-beb3-4339-979c-731ab6f57294	5000.00	2025-06-06 02:02:42.471	Biaya Administrasi Kartu Debit Mandiri
66f5a3fe-efab-41be-bb44-58667c8e78e2	2025-06-09 02:07:11.26162+00	2025-06-09 02:07:11.26162+00	\N	f164a13d-8e1f-499a-bf74-ccbbd524e971	b5a5d097-6346-4b72-b975-8ebf0b4b72f1	10500000.00	2025-06-09 02:06:31.668	fund transfer to Dompet(Cash Out)
24f60c9e-1a04-4811-ab1e-00d26cfa690e	2025-06-09 02:07:11.280704+00	2025-06-09 02:07:11.280704+00	\N	ee396999-b9eb-4471-ab89-d84a3a20fd36	75a19b5c-43b4-4f84-ad2c-f844c40eec24	10500000.00	2025-06-09 02:06:31.668	fund transfer from Celengan(Cash In)
08824dba-982d-4c24-a01b-7dab20c0b9ab	2025-06-09 02:07:46.910703+00	2025-06-09 02:07:46.910703+00	\N	f164a13d-8e1f-499a-bf74-ccbbd524e971	b5a5d097-6346-4b72-b975-8ebf0b4b72f1	500000.00	2025-06-09 02:07:09.617	fund transfer to Dompet(Cash Out)
d7c615f4-01bc-42e9-85dc-8a631904e748	2025-06-09 02:07:46.911311+00	2025-06-09 02:07:46.911311+00	\N	ee396999-b9eb-4471-ab89-d84a3a20fd36	75a19b5c-43b4-4f84-ad2c-f844c40eec24	500000.00	2025-06-09 02:07:09.617	fund transfer from Celengan(Cash In)
85dec7fa-6c3f-4b41-883c-d0773b34c7f2	2025-06-09 02:08:22.242602+00	2025-06-09 02:08:22.242602+00	\N	ee396999-b9eb-4471-ab89-d84a3a20fd36	b5a5d097-6346-4b72-b975-8ebf0b4b72f1	10500000.00	2025-06-09 02:07:47.645	fund transfer to Tabungan NOW(Cash Out)
efff8a0d-8aa9-4ab8-90d5-1755f54641b3	2025-06-09 02:08:22.245899+00	2025-06-09 02:08:22.245899+00	\N	63f462e6-23b5-480f-9b60-72dec314b341	75a19b5c-43b4-4f84-ad2c-f844c40eec24	10500000.00	2025-06-09 02:07:47.645	fund transfer from Dompet(Cash In)
bd4e31f7-23e1-4242-9c8d-c98f76eb2963	2025-06-09 02:09:47.145603+00	2025-06-09 02:09:47.145603+00	\N	63f462e6-23b5-480f-9b60-72dec314b341	5ab8f328-c493-4e76-a99d-4fdabf0f89bb	9335000.00	2025-06-09 02:08:20.921	Emas Antam 5gr
4fa9642c-d241-4a10-93c9-30b7be9e18af	2025-06-09 02:10:32.325203+00	2025-06-09 02:10:32.325203+00	\N	63f462e6-23b5-480f-9b60-72dec314b341	b5a5d097-6346-4b72-b975-8ebf0b4b72f1	0.00	2025-06-09 02:09:54.823	fund transfer to Dompet(Cash Out)
d2d2d4de-e6a4-4dde-9c9b-508b1718142c	2025-06-09 02:10:32.329304+00	2025-06-09 02:10:32.329304+00	\N	ee396999-b9eb-4471-ab89-d84a3a20fd36	75a19b5c-43b4-4f84-ad2c-f844c40eec24	0.00	2025-06-09 02:09:54.823	fund transfer from Tabungan NOW(Cash In)
3798811f-4d98-4313-bbdf-7247ed33d7a9	2025-06-09 02:12:14.720182+00	2025-06-09 02:12:14.720182+00	\N	63f462e6-23b5-480f-9b60-72dec314b341	b5a5d097-6346-4b72-b975-8ebf0b4b72f1	1300000.00	2025-06-09 02:11:13.267	fund transfer to Dompet(Cash Out)
ba2a24e6-0f53-40b2-b2c4-2a4ad6490c8a	2025-06-09 02:12:14.720973+00	2025-06-09 02:12:14.720973+00	\N	ee396999-b9eb-4471-ab89-d84a3a20fd36	75a19b5c-43b4-4f84-ad2c-f844c40eec24	1300000.00	2025-06-09 02:11:13.267	fund transfer from Tabungan NOW(Cash In)
b2930978-abcc-48c5-b7cd-6c0b7b8ccdc4	2025-06-09 02:13:41.275871+00	2025-06-09 02:13:41.275871+00	\N	63f462e6-23b5-480f-9b60-72dec314b341	b5a5d097-6346-4b72-b975-8ebf0b4b72f1	200000.00	2025-06-09 02:12:12.086	fund transfer to Dompet(Cash Out)
91d39548-8483-44ac-abd1-e08703f99ed6	2025-06-09 02:13:41.276274+00	2025-06-09 02:13:41.276274+00	\N	ee396999-b9eb-4471-ab89-d84a3a20fd36	75a19b5c-43b4-4f84-ad2c-f844c40eec24	200000.00	2025-06-09 02:12:12.086	fund transfer from Tabungan NOW(Cash In)
bf666603-dcdc-4581-95d0-55eb6ec57eba	2025-06-09 02:14:03.381773+00	2025-06-09 02:14:03.381773+00	\N	ee396999-b9eb-4471-ab89-d84a3a20fd36	b5a5d097-6346-4b72-b975-8ebf0b4b72f1	1500000.00	2025-06-09 02:13:38.444	fund transfer to Celengan(Cash Out)
2aef356d-3f61-4bad-a2d1-f066d530cc9c	2025-06-09 02:14:03.382037+00	2025-06-09 02:14:03.382037+00	\N	f164a13d-8e1f-499a-bf74-ccbbd524e971	75a19b5c-43b4-4f84-ad2c-f844c40eec24	1500000.00	2025-06-09 02:13:38.444	fund transfer from Dompet(Cash In)
b779f530-c7eb-4141-b8da-379b5f72cb5d	2025-06-09 02:15:09.766231+00	2025-06-09 02:15:09.766231+00	\N	ee396999-b9eb-4471-ab89-d84a3a20fd36	e55a9430-68f1-406a-91a4-67aad81c8b44	15000.00	2025-06-09 02:14:01.295	cuci motor vario
4454a377-2980-483a-8219-34146952560e	2025-06-09 02:15:34.989042+00	2025-06-09 02:15:34.989042+00	\N	ee396999-b9eb-4471-ab89-d84a3a20fd36	ae009d3c-d03a-4e2e-a505-891f4adcdef7	5000.00	2025-06-09 02:15:06.776	leker
2abe5a98-cc70-4e82-a6cf-7bc47a06c636	2025-06-09 02:16:18.339546+00	2025-06-09 02:16:18.339546+00	\N	ee396999-b9eb-4471-ab89-d84a3a20fd36	4cbb5a2e-922b-425f-a800-7771e3d23db3	4000.00	2025-06-09 02:15:36.26	hadiah servis motor
e7aae996-afb0-4697-b428-82f70eafcd74	2025-06-09 02:17:38.384891+00	2025-06-09 02:17:38.384891+00	\N	ee396999-b9eb-4471-ab89-d84a3a20fd36	6899e818-5589-4584-9c6a-b2be7ea2f753	50000.00	2025-06-09 02:16:15.592	mas wisnu nikah
a8ae7041-716e-48b9-86e5-da604e968a05	2025-06-09 02:18:33.971746+00	2025-06-09 02:18:33.971746+00	\N	ee396999-b9eb-4471-ab89-d84a3a20fd36	d9c4076d-a778-48e5-9914-6c679f9362ab	43000.00	2025-06-09 02:17:36.108	Pertalite vario 4.3lt
ef1be27a-f92f-4730-acb4-848b1d8af83c	2025-06-09 02:19:05.403518+00	2025-06-09 02:19:05.403518+00	\N	ee396999-b9eb-4471-ab89-d84a3a20fd36	ae009d3c-d03a-4e2e-a505-891f4adcdef7	7000.00	2025-06-09 02:18:31.075	goodday freeze yoman cafe
37c53ad3-a000-4536-886b-3d63471cf521	2025-06-10 02:23:06.711727+00	2025-06-10 02:23:06.711727+00	\N	496b6cec-588b-4556-ad37-716e1e9e1b37	5ddf661f-beb3-4339-979c-731ab6f57294	10000.00	2025-06-10 02:22:12.129	Biaya buka rekening baru
f0dab9dc-0fe2-432b-80a1-53db5d14946e	2025-06-10 02:25:30.685373+00	2025-06-10 02:25:30.685373+00	\N	496b6cec-588b-4556-ad37-716e1e9e1b37	5ddf661f-beb3-4339-979c-731ab6f57294	45000.00	2025-06-10 02:23:03.973	Biaya kartu ATM
d5243a11-69b6-477b-8ce6-9bcce81775da	2025-06-11 13:59:32.763585+00	2025-06-11 13:59:32.763585+00	\N	496b6cec-588b-4556-ad37-716e1e9e1b37	ae009d3c-d03a-4e2e-a505-891f4adcdef7	3000.00	2025-06-11 13:59:04.962	Makan SSB
77ee0765-451b-4de4-9288-4efb9b1ece29	2025-06-11 14:00:13.248707+00	2025-06-11 14:00:13.248707+00	\N	496b6cec-588b-4556-ad37-716e1e9e1b37	ae009d3c-d03a-4e2e-a505-891f4adcdef7	1575.00	2025-06-11 13:59:43.348	Makan Mie Ayam
7bdccf0a-30e0-47d5-9ddf-b063e593c6c6	2025-06-11 14:00:41.046644+00	2025-06-11 14:00:41.046644+00	\N	ee396999-b9eb-4471-ab89-d84a3a20fd36	ae009d3c-d03a-4e2e-a505-891f4adcdef7	10000.00	2025-06-11 14:00:08.979	Cimol 2 bks
8dda2a67-121c-4b3c-b780-a7526b17ebd0	2025-06-12 11:41:20.20916+00	2025-06-12 11:41:20.20916+00	\N	ee396999-b9eb-4471-ab89-d84a3a20fd36	b5a5d097-6346-4b72-b975-8ebf0b4b72f1	200000.00	2025-06-12 11:40:58.068	fund transfer to BCA Xpresi(Cash Out)
154e1a98-2890-4f18-ada0-970b9b349501	2025-06-12 11:41:20.210851+00	2025-06-12 11:41:20.210851+00	\N	496b6cec-588b-4556-ad37-716e1e9e1b37	75a19b5c-43b4-4f84-ad2c-f844c40eec24	200000.00	2025-06-12 11:40:58.068	fund transfer from Dompet(Cash In)
0adf6224-04ee-4d0e-9838-bd8a89acb305	2025-06-12 11:43:15.161841+00	2025-06-12 11:43:15.161841+00	\N	ee396999-b9eb-4471-ab89-d84a3a20fd36	ae009d3c-d03a-4e2e-a505-891f4adcdef7	31000.00	2025-06-12 11:42:54.659	Nasi goreng 2 + esteh warkop
50bc868c-0769-48bf-905a-d486977d7dfd	2025-06-12 11:44:06.913349+00	2025-06-12 11:44:06.913349+00	\N	ee396999-b9eb-4471-ab89-d84a3a20fd36	94e06887-016c-4773-8c6d-4e77dec449c6	100000.00	2025-06-12 11:43:12.439	uang hilang
740e5dee-9582-493c-b5ca-5654cf0313c5	2025-06-12 11:44:49.584305+00	2025-06-12 11:44:49.584305+00	\N	ee396999-b9eb-4471-ab89-d84a3a20fd36	b5a5d097-6346-4b72-b975-8ebf0b4b72f1	40000.00	2025-06-12 11:44:03.518	fund transfer to BCA Xpresi(Cash Out)
66ab05c8-b1d5-4f70-99b1-6f902831b1c1	2025-06-12 11:44:49.584641+00	2025-06-12 11:44:49.584641+00	\N	496b6cec-588b-4556-ad37-716e1e9e1b37	75a19b5c-43b4-4f84-ad2c-f844c40eec24	40000.00	2025-06-12 11:44:03.518	fund transfer from Dompet(Cash In)
63457e75-2ea2-4f18-94de-8248dd380b97	2025-06-12 12:46:46.101411+00	2025-06-12 12:46:46.101411+00	\N	496b6cec-588b-4556-ad37-716e1e9e1b37	9d560a79-0c9c-430f-b2f4-2a1d83a69008	250000.00	2025-06-12 12:46:09.034	Jersey + keychain regilios
e6aa69fd-d4ff-4411-bcd8-65ff74fda1f4	2025-06-14 12:41:23.740881+00	2025-06-14 12:41:23.740881+00	\N	63f462e6-23b5-480f-9b60-72dec314b341	b5a5d097-6346-4b72-b975-8ebf0b4b72f1	96500.00	2025-06-14 12:40:51.377	fund transfer to BCA Xpresi(Cash Out)
22284aab-ade7-4427-9345-1ee630ecef7d	2025-06-14 12:41:23.748197+00	2025-06-14 12:41:23.748197+00	\N	496b6cec-588b-4556-ad37-716e1e9e1b37	75a19b5c-43b4-4f84-ad2c-f844c40eec24	94000.00	2025-06-14 12:40:51.377	fund transfer from Tabungan NOW(Cash In)
012659fa-7ab1-4801-ba30-a9de4fa0918d	2025-06-14 12:42:38.014386+00	2025-06-14 12:42:38.014386+00	\N	496b6cec-588b-4556-ad37-716e1e9e1b37	b5a5d097-6346-4b72-b975-8ebf0b4b72f1	100000.00	2025-06-14 12:42:04.899	fund transfer to Dompet(Cash Out)
7553646f-d4ea-4405-8d6a-c814e0f3c50e	2025-06-14 12:42:38.020007+00	2025-06-14 12:42:38.020007+00	\N	ee396999-b9eb-4471-ab89-d84a3a20fd36	75a19b5c-43b4-4f84-ad2c-f844c40eec24	100000.00	2025-06-14 12:42:04.899	fund transfer from BCA Xpresi(Cash In)
f815eacb-e585-4013-8175-68f17e630715	2025-06-14 12:43:02.827873+00	2025-06-14 12:43:02.827873+00	\N	c42896bb-f908-45d7-a3c6-4a22e04e38d7	ae009d3c-d03a-4e2e-a505-891f4adcdef7	9000.00	2025-06-14 12:42:42.91	Kopi susu + gorengan
\.


--
-- Data for Name: users; Type: TABLE DATA; Schema: public; Owner: postgres
--

COPY public.users (id, created_at, updated_at, deleted_at, name, email, password, role, email_verfied_at) FROM stdin;
a79a39e5-d70f-41ae-b7e6-36246a99172d	2025-03-04 01:36:02.885554+00	2025-03-04 01:36:02.885554+00	\N	Muhammad Miftakul Salam	madmifta77@gmail.com	$2a$04$3Q40cRCRGVWEpL2OKu7LDu8fGaMWNrO7FRdSuvZsMQxLWziQB/vPa	user	2025-03-04 08:36:54.883825
\.


--
-- Data for Name: wallet_types; Type: TABLE DATA; Schema: public; Owner: postgres
--

COPY public.wallet_types (id, created_at, updated_at, deleted_at, name, type, description) FROM stdin;
d758153c-3235-4686-aa19-5fb92dd23498	2025-03-04 08:58:54.735451+00	2025-03-04 08:58:54.735451+00	\N	Bank NTB Syariah	bank	
ac3599e0-1333-4122-9ac3-2b27f3a33ace	2025-03-04 08:58:54.82883+00	2025-03-04 08:58:54.82883+00	\N	CIMB Niaga	bank	
27dbdd65-679c-4661-b6ef-77065103ce36	2025-03-04 08:58:54.868552+00	2025-03-04 08:58:54.868552+00	\N	Mandiri	bank	
1f92d7e9-fdb0-4bc0-afd2-9a186ac2610c	2025-03-04 08:58:54.877614+00	2025-03-04 08:58:54.877614+00	\N	BNI (Bank Negara Indonesia)	bank	
759514be-a910-42df-b6ab-1db5e135e915	2025-03-04 08:58:54.929377+00	2025-03-04 08:58:54.929377+00	\N	Koperasi Syariah	others	
00c0f650-acd3-4f9a-ad86-46ddf3b9b613	2025-03-04 08:58:54.929377+00	2025-03-04 08:58:54.929377+00	\N	Bank Victoria International	bank	
c683631b-02f0-403b-a0cf-9aed0575cd94	2025-03-04 08:58:54.9727+00	2025-03-04 08:58:54.9727+00	\N	Bank BTPN (Jenius)	bank	
cda31d4a-7746-4b7e-a75a-aae522dcdc26	2025-03-04 08:58:55.148768+00	2025-03-04 08:58:55.148768+00	\N	BCA (Bank Central Asia)	bank	
273f561e-4293-49f6-9782-cb71b73bb37b	2025-03-04 08:58:55.163406+00	2025-03-04 08:58:55.163406+00	\N	Bank Bukopin	bank	
bfc90a85-0f39-42f9-9531-449b1aad5abc	2025-03-04 08:58:55.166939+00	2025-03-04 08:58:55.166939+00	\N	Bank Jago	bank	
b5b4d1ef-9783-4b0b-be27-0409d3288a74	2025-03-04 08:58:55.17248+00	2025-03-04 08:58:55.17248+00	\N	Jenius (BTPN)	e-wallet	
72c0865c-55f8-47e6-a08b-b1836d936ed4	2025-03-04 08:58:55.177487+00	2025-03-04 08:58:55.177487+00	\N	ShopeePay (Shopee)	e-wallet	
7869370b-f3e5-4a61-8c68-e49bb5367ee7	2025-03-04 08:58:55.17046+00	2025-03-04 08:58:55.17046+00	\N	Bank Permata	bank	
2c8a9a51-c149-49ce-97e2-227d89dd0a05	2025-03-04 08:58:55.167939+00	2025-03-04 08:58:55.167939+00	\N	Bank Mega	bank	
646379db-1e92-43b4-a735-6b71d4626acf	2025-03-04 08:58:55.16894+00	2025-03-04 08:58:55.16894+00	\N	Bank Danamon	bank	
b76311d3-8a3d-49bd-a804-3be797014001	2025-03-04 08:58:55.174477+00	2025-03-04 08:58:55.174477+00	\N	Bank Muamalat	bank	
0e564bfa-0472-40ca-8621-bec26d29884f	2025-03-04 08:58:55.180995+00	2025-03-04 08:58:55.180995+00	\N	Safe Deposit Box	physical	
117f79a1-c464-4728-9800-0eaaa083ee13	2025-03-04 08:58:55.180995+00	2025-03-04 08:58:55.180995+00	\N	Bank DKI	bank	
81c3b7d9-9e8f-4026-9912-d88a55c8774e	2025-03-04 08:58:55.175484+00	2025-03-04 08:58:55.175484+00	\N	Paytren	e-wallet	
effa2c68-3516-4ebd-a078-3cfd84be9ad5	2025-03-04 08:58:55.177487+00	2025-03-04 08:58:55.177487+00	\N	Dana Syariah	e-wallet	
46772226-0eea-4f66-8601-5f86e22739af	2025-03-04 08:58:55.218182+00	2025-03-04 08:58:55.218182+00	\N	Jago Pocket (Bank Jago)	e-wallet	
7f787604-3942-45b8-9ee2-b9a8d554cd0a	2025-03-04 08:58:55.228738+00	2025-03-04 08:58:55.228738+00	\N	Seabank (Bank Digital SeaGroup)	bank	
80b97d24-c8e0-4506-a53b-c3b68391e714	2025-03-04 08:58:55.17248+00	2025-03-04 08:58:55.17248+00	\N	Bank Syariah Indonesia (BSI)	bank	
ba00a85a-8bce-4748-b6ba-81d515279879	2025-03-04 08:58:55.231731+00	2025-03-04 08:58:55.231731+00	\N	LinkAja	e-wallet	
3b5004d5-6559-4338-83e4-e805db34d40e	2025-03-04 08:58:55.288377+00	2025-03-04 08:58:55.288377+00	\N	Sakuku (BCA)	e-wallet	
bc1e8fab-6483-40a4-9fbb-0e9970f740e0	2025-03-04 08:58:55.326381+00	2025-03-04 08:58:55.326381+00	\N	Celengan (Piggy Bank)	physical	
4533f6b6-0319-4899-a662-f79738f7818b	2025-03-04 08:58:55.327975+00	2025-03-04 08:58:55.327975+00	\N	LinkAja Syariah	e-wallet	
bf2ee8e5-06a2-4d42-a6c6-e090721f547b	2025-03-04 08:58:55.353229+00	2025-03-04 08:58:55.353229+00	\N	iSaku	e-wallet	
23ef77e4-d147-4c76-8fd0-223f641aa090	2025-03-04 08:58:55.353229+00	2025-03-04 08:58:55.353229+00	\N	DBS PayLah! (DBS Indonesia)	e-wallet	
4a976521-1906-4a8b-98e3-9d01103cf398	2025-03-04 08:58:55.366481+00	2025-03-04 08:58:55.366481+00	\N	Bank Aceh Syariah	bank	
bbd5907c-dea9-4a8b-959f-fa743299e017	2025-03-04 08:58:55.376482+00	2025-03-04 08:58:55.376482+00	\N	Bank Mayora	bank	
32fadfe1-429a-4198-84dd-4409958058c6	2025-03-04 08:58:55.367676+00	2025-03-04 08:58:55.367676+00	\N	Doku	e-wallet	
537a5212-9a9f-42b0-8c9e-f476453c2190	2025-03-04 08:58:55.35851+00	2025-03-04 08:58:55.35851+00	\N	Bank Sahabat Sampoerna	bank	
7792687f-a9a7-4d2c-b520-da5e81f42572	2025-03-04 08:58:55.41837+00	2025-03-04 08:58:55.41837+00	\N	Flip	e-wallet	
db87b104-6915-4171-a10d-2c896451a0c3	2025-03-04 08:58:55.41837+00	2025-03-04 08:58:55.41837+00	\N	Bank BCA Syariah	bank	
a6a95f7b-e253-4142-a7e7-aa36579973a1	2025-03-04 08:58:55.453042+00	2025-03-04 08:58:55.453042+00	\N	Blu by BCA Digital	e-wallet	
92f8cbdb-3594-4662-b86a-9a0df4f0c29f	2025-03-04 08:58:55.479647+00	2025-03-04 08:58:55.479647+00	\N	Octo Clicks (CIMB Niaga)	e-wallet	
2b1fb5dc-1836-409c-9696-283bc2673c04	2025-03-04 08:58:55.458964+00	2025-03-04 08:58:55.458964+00	\N	Bank Neo Commerce	bank	
f362f326-3da9-4c0b-91a8-27a251e18334	2025-03-04 08:58:55.478655+00	2025-03-04 08:58:55.478655+00	\N	Bank Nagari	bank	
0e1c48d1-a6a1-49db-bdf2-c4b0584dc0f1	2025-03-04 08:58:55.483924+00	2025-03-04 08:58:55.483924+00	\N	Livin' by Mandiri	e-wallet	
e73cc986-290e-4600-a443-da8cbdac2a2f	2025-03-04 08:58:55.526932+00	2025-03-04 08:58:55.526932+00	\N	Akulaku	e-wallet	
d0fdc259-4121-476c-8890-b68488a0bf9c	2025-03-04 08:58:55.577169+00	2025-03-04 08:58:55.577169+00	\N	Dompet Fisik (Cash)	physical	
9d68612c-3d50-4b74-bf22-e452e69be052	2025-03-04 08:58:55.578332+00	2025-03-04 08:58:55.578332+00	\N	Bank Tabungan Negara (BTN)	bank	
02e8d165-2f9b-4a6b-8b79-59c0c70e3119	2025-03-04 08:58:55.578332+00	2025-03-04 08:58:55.578332+00	\N	GoPay (Gojek)	e-wallet	
afa992b9-be03-4a4e-bbbc-2e675197c814	2025-03-04 08:58:55.603666+00	2025-03-04 08:58:55.603666+00	\N	DBS Indonesia	bank	
7214786f-274a-461d-95f9-1b46c2dea1b0	2025-03-04 08:58:55.628846+00	2025-03-04 08:58:55.628846+00	\N	Bank BJB (Bank Jabar Banten)	bank	
c1e538b0-6f5e-4a14-b1fa-68ef7e5f4bae	2025-03-04 08:58:55.628846+00	2025-03-04 08:58:55.628846+00	\N	Bank Panin	bank	
76e11c81-f59a-4506-ba8b-2421c1ba5867	2025-03-04 08:58:55.628846+00	2025-03-04 08:58:55.628846+00	\N	Kredivo PayLater	e-wallet	
5e8ce0a0-18a3-4645-8882-5d6458ea7f6e	2025-03-04 08:58:55.72556+00	2025-03-04 08:58:55.72556+00	\N	BRI (Bank Rakyat Indonesia)	bank	
5d3793c4-6972-46c4-bc26-95c60ee7945e	2025-03-04 08:58:55.727173+00	2025-03-04 08:58:55.727173+00	\N	OCBC NISP	bank	
baacb939-dbfb-4218-8910-9ccde6a035b0	2025-03-04 08:58:55.748082+00	2025-03-04 08:58:55.748082+00	\N	OY! Indonesia	e-wallet	
f3ab7c75-a46e-4b66-ba2e-3cc0bc43e885	2025-03-04 08:58:55.749372+00	2025-03-04 08:58:55.749372+00	\N	Bank Sinarmas	bank	
96e76b7e-4708-44aa-91f1-dea4b7351ceb	2025-03-04 08:58:55.767244+00	2025-03-04 08:58:55.767244+00	\N	Nobu (Bank Nationalnobu)	e-wallet	
35197fbf-e14c-4057-bd9a-3c6cd4496277	2025-03-04 08:58:55.772789+00	2025-03-04 08:58:55.772789+00	\N	OVO (Grab)	e-wallet	
1f9cf249-058a-47ab-9049-9c505a05fcdf	2025-03-04 08:58:55.775779+00	2025-03-04 08:58:55.775779+00	\N	DANA	e-wallet	
72524fa7-43c0-4f2d-b0bf-0fac97bc0e9d	2025-03-04 08:58:55.793851+00	2025-03-04 08:58:55.793851+00	\N	QRIS (Sistem Pembayaran Nasional)	e-wallet	
8932e47d-67ea-4dd2-9487-ea1b570129ae	2025-03-04 08:58:55.816759+00	2025-03-04 08:58:55.816759+00	\N	Maybank Indonesia	bank	
7b3c2519-1e1e-4505-bf5c-46b60fbbfda1	2025-03-04 08:58:55.822582+00	2025-03-04 08:58:55.822582+00	\N	Koperasi Pegawai Negeri (KPN)	others	
26942d5c-8ff3-47c0-bfec-80674f7369a7	2025-04-13 07:45:55+00	2025-04-13 07:46:01+00	\N	Pluang	e-wallet	\N
\.


--
-- Data for Name: wallets; Type: TABLE DATA; Schema: public; Owner: postgres
--

COPY public.wallets (id, created_at, updated_at, deleted_at, user_id, wallet_type_id, name, balance, number) FROM stdin;
d79c5197-e041-4510-b818-c5859a54eab4	2025-04-02 02:05:14.184759+00	2025-04-17 23:53:24.185855+00	\N	a79a39e5-d70f-41ae-b7e6-36246a99172d	72c0865c-55f8-47e6-a08b-b1836d936ed4	Shopeepay	4450.00	089676360546
ce4b1003-5556-4b9e-8ed0-574417977c54	2025-04-02 01:49:17.505059+00	2025-04-02 01:49:17.505059+00	\N	a79a39e5-d70f-41ae-b7e6-36246a99172d	9d68612c-3d50-4b74-bf22-e452e69be052	BTN KTM	0.00	37701610377448
b1179f54-ce4a-4063-b9c7-89796008772f	2025-04-02 02:34:16.489137+00	2025-04-02 02:34:16.489137+00	\N	a79a39e5-d70f-41ae-b7e6-36246a99172d	1f9cf249-058a-47ab-9049-9c505a05fcdf	Dana	591.00	089676360546
ad76d679-e8ea-4447-99e8-ee83df34e384	2025-04-13 07:50:02.28514+00	2025-04-13 08:15:53.322716+00	\N	a79a39e5-d70f-41ae-b7e6-36246a99172d	26942d5c-8ff3-47c0-bfec-80674f7369a7	Pluang Rupiah Wallet	14524.00	
ee7c1bb6-cf7c-4e15-a82e-613e920e4e28	2025-04-02 02:06:19.672516+00	2025-05-28 14:15:34.685095+00	\N	a79a39e5-d70f-41ae-b7e6-36246a99172d	35197fbf-e14c-4057-bd9a-3c6cd4496277	OVO	10588.00	089676360546
59ae3342-9c61-4b61-a46c-75b0244fb29a	2025-04-02 02:04:17.091977+00	2025-05-30 12:25:54.524244+00	\N	a79a39e5-d70f-41ae-b7e6-36246a99172d	02e8d165-2f9b-4a6b-8b79-59c0c70e3119	Gopay	7546.00	089676360546
f164a13d-8e1f-499a-bf74-ccbbd524e971	2025-04-02 02:01:35.452898+00	2025-06-09 02:14:03.381529+00	\N	a79a39e5-d70f-41ae-b7e6-36246a99172d	bc1e8fab-6483-40a4-9fbb-0e9970f740e0	Celengan	1500000.00	
63f462e6-23b5-480f-9b60-72dec314b341	2025-04-02 01:52:45.806645+00	2025-06-14 12:41:23.728889+00	\N	a79a39e5-d70f-41ae-b7e6-36246a99172d	27dbdd65-679c-4661-b6ef-77065103ce36	Tabungan NOW	27266.00	1410024911281
496b6cec-588b-4556-ad37-716e1e9e1b37	2025-06-05 13:44:13.351604+00	2025-06-14 12:42:38.011654+00	\N	a79a39e5-d70f-41ae-b7e6-36246a99172d	cda31d4a-7746-4b7e-a75a-aae522dcdc26	BCA Xpresi	24425.00	6720882360
ee396999-b9eb-4471-ab89-d84a3a20fd36	2025-04-02 02:03:01.57076+00	2025-06-14 12:42:38.014047+00	\N	a79a39e5-d70f-41ae-b7e6-36246a99172d	d0fdc259-4121-476c-8890-b68488a0bf9c	Dompet	142000.00	
c42896bb-f908-45d7-a3c6-4a22e04e38d7	2025-04-02 01:42:25.75385+00	2025-06-14 12:43:02.827574+00	\N	a79a39e5-d70f-41ae-b7e6-36246a99172d	9d68612c-3d50-4b74-bf22-e452e69be052	BTN KIP Kuliah	85859.00	37701610323863
\.


--
-- Name: attachments attachments_pkey; Type: CONSTRAINT; Schema: public; Owner: postgres
--

ALTER TABLE ONLY public.attachments
    ADD CONSTRAINT attachments_pkey PRIMARY KEY (id);


--
-- Name: categories categories_pkey; Type: CONSTRAINT; Schema: public; Owner: postgres
--

ALTER TABLE ONLY public.categories
    ADD CONSTRAINT categories_pkey PRIMARY KEY (id);


--
-- Name: investment_types investment_types_pkey; Type: CONSTRAINT; Schema: public; Owner: postgres
--

ALTER TABLE ONLY public.investment_types
    ADD CONSTRAINT investment_types_pkey PRIMARY KEY (id);


--
-- Name: investments investments_pkey; Type: CONSTRAINT; Schema: public; Owner: postgres
--

ALTER TABLE ONLY public.investments
    ADD CONSTRAINT investments_pkey PRIMARY KEY (id);


--
-- Name: transactions transactions_pkey; Type: CONSTRAINT; Schema: public; Owner: postgres
--

ALTER TABLE ONLY public.transactions
    ADD CONSTRAINT transactions_pkey PRIMARY KEY (id);


--
-- Name: users uni_users_email; Type: CONSTRAINT; Schema: public; Owner: postgres
--

ALTER TABLE ONLY public.users
    ADD CONSTRAINT uni_users_email UNIQUE (email);


--
-- Name: users users_pkey; Type: CONSTRAINT; Schema: public; Owner: postgres
--

ALTER TABLE ONLY public.users
    ADD CONSTRAINT users_pkey PRIMARY KEY (id);


--
-- Name: wallet_types wallet_types_pkey; Type: CONSTRAINT; Schema: public; Owner: postgres
--

ALTER TABLE ONLY public.wallet_types
    ADD CONSTRAINT wallet_types_pkey PRIMARY KEY (id);


--
-- Name: wallets wallets_pkey; Type: CONSTRAINT; Schema: public; Owner: postgres
--

ALTER TABLE ONLY public.wallets
    ADD CONSTRAINT wallets_pkey PRIMARY KEY (id);


--
-- Name: idx_attachments_deleted_at; Type: INDEX; Schema: public; Owner: postgres
--

CREATE INDEX idx_attachments_deleted_at ON public.attachments USING btree (deleted_at);


--
-- Name: idx_categories_deleted_at; Type: INDEX; Schema: public; Owner: postgres
--

CREATE INDEX idx_categories_deleted_at ON public.categories USING btree (deleted_at);


--
-- Name: idx_investment_types_deleted_at; Type: INDEX; Schema: public; Owner: postgres
--

CREATE INDEX idx_investment_types_deleted_at ON public.investment_types USING btree (deleted_at);


--
-- Name: idx_investments_deleted_at; Type: INDEX; Schema: public; Owner: postgres
--

CREATE INDEX idx_investments_deleted_at ON public.investments USING btree (deleted_at);


--
-- Name: idx_transactions_deleted_at; Type: INDEX; Schema: public; Owner: postgres
--

CREATE INDEX idx_transactions_deleted_at ON public.transactions USING btree (deleted_at);


--
-- Name: idx_users_deleted_at; Type: INDEX; Schema: public; Owner: postgres
--

CREATE INDEX idx_users_deleted_at ON public.users USING btree (deleted_at);


--
-- Name: idx_wallet_types_deleted_at; Type: INDEX; Schema: public; Owner: postgres
--

CREATE INDEX idx_wallet_types_deleted_at ON public.wallet_types USING btree (deleted_at);


--
-- Name: idx_wallets_deleted_at; Type: INDEX; Schema: public; Owner: postgres
--

CREATE INDEX idx_wallets_deleted_at ON public.wallets USING btree (deleted_at);


--
-- Name: attachments fk_attachments_transaction; Type: FK CONSTRAINT; Schema: public; Owner: postgres
--

ALTER TABLE ONLY public.attachments
    ADD CONSTRAINT fk_attachments_transaction FOREIGN KEY (transaction_id) REFERENCES public.transactions(id) ON UPDATE CASCADE ON DELETE SET NULL;


--
-- Name: categories fk_categories_children; Type: FK CONSTRAINT; Schema: public; Owner: postgres
--

ALTER TABLE ONLY public.categories
    ADD CONSTRAINT fk_categories_children FOREIGN KEY (parent_id) REFERENCES public.categories(id);


--
-- Name: investments fk_investments_investment_types; Type: FK CONSTRAINT; Schema: public; Owner: postgres
--

ALTER TABLE ONLY public.investments
    ADD CONSTRAINT fk_investments_investment_types FOREIGN KEY (investment_type_id) REFERENCES public.investment_types(id) ON UPDATE CASCADE ON DELETE SET NULL;


--
-- Name: investments fk_investments_user; Type: FK CONSTRAINT; Schema: public; Owner: postgres
--

ALTER TABLE ONLY public.investments
    ADD CONSTRAINT fk_investments_user FOREIGN KEY (user_id) REFERENCES public.users(id) ON UPDATE CASCADE ON DELETE SET NULL;


--
-- Name: transactions fk_transactions_category; Type: FK CONSTRAINT; Schema: public; Owner: postgres
--

ALTER TABLE ONLY public.transactions
    ADD CONSTRAINT fk_transactions_category FOREIGN KEY (category_id) REFERENCES public.categories(id) ON UPDATE CASCADE ON DELETE SET NULL;


--
-- Name: transactions fk_transactions_wallet; Type: FK CONSTRAINT; Schema: public; Owner: postgres
--

ALTER TABLE ONLY public.transactions
    ADD CONSTRAINT fk_transactions_wallet FOREIGN KEY (wallet_id) REFERENCES public.wallets(id) ON UPDATE CASCADE ON DELETE SET NULL;


--
-- Name: wallets fk_wallets_user; Type: FK CONSTRAINT; Schema: public; Owner: postgres
--

ALTER TABLE ONLY public.wallets
    ADD CONSTRAINT fk_wallets_user FOREIGN KEY (user_id) REFERENCES public.users(id) ON UPDATE CASCADE ON DELETE SET NULL;


--
-- Name: wallets fk_wallets_wallet_type; Type: FK CONSTRAINT; Schema: public; Owner: postgres
--

ALTER TABLE ONLY public.wallets
    ADD CONSTRAINT fk_wallets_wallet_type FOREIGN KEY (wallet_type_id) REFERENCES public.wallet_types(id) ON UPDATE CASCADE ON DELETE SET NULL;


--
-- PostgreSQL database dump complete
--

