--
-- PostgreSQL database dump
--

\restrict xjl9JbHJ7zcCbj3gSryN3rYEGGvETOTpkeEDlbxvZZ8TISAMDYTxdPuHjexdgZ2

-- Dumped from database version 16.10 (Debian 16.10-1.pgdg12+1)
-- Dumped by pg_dump version 16.10 (Debian 16.10-1.pgdg12+1)

SET statement_timeout = 0;
SET lock_timeout = 0;
SET idle_in_transaction_session_timeout = 0;
SET client_encoding = 'UTF8';
SET standard_conforming_strings = on;
SELECT pg_catalog.set_config('search_path', '', false);
SET check_function_bodies = false;
SET xmloption = content;
SET client_min_messages = warning;
SET row_security = off;

--
-- Name: pg_cron; Type: EXTENSION; Schema: -; Owner: -
--

CREATE EXTENSION IF NOT EXISTS pg_cron WITH SCHEMA pg_catalog;


--
-- Name: EXTENSION pg_cron; Type: COMMENT; Schema: -; Owner: 
--

COMMENT ON EXTENSION pg_cron IS 'Job scheduler for PostgreSQL';


--
-- Name: uuid-ossp; Type: EXTENSION; Schema: -; Owner: -
--

CREATE EXTENSION IF NOT EXISTS "uuid-ossp" WITH SCHEMA public;


--
-- Name: EXTENSION "uuid-ossp"; Type: COMMENT; Schema: -; Owner: 
--

COMMENT ON EXTENSION "uuid-ossp" IS 'generate universally unique identifiers (UUIDs)';


--
-- Name: report_status; Type: TYPE; Schema: public; Owner: postgres
--

CREATE TYPE public.report_status AS ENUM (
    'processing',
    'completed',
    'failed'
);


ALTER TYPE public.report_status OWNER TO postgres;

SET default_tablespace = '';

SET default_table_access_method = heap;

--
-- Name: attachments; Type: TABLE; Schema: public; Owner: postgres
--

CREATE TABLE public.attachments (
    id uuid DEFAULT public.uuid_generate_v4() NOT NULL,
    created_at timestamp with time zone,
    updated_at timestamp with time zone,
    deleted_at timestamp with time zone,
    transaction_id uuid NOT NULL,
    image text,
    format text,
    size bigint
);


ALTER TABLE public.attachments OWNER TO postgres;

--
-- Name: categories; Type: TABLE; Schema: public; Owner: postgres
--

CREATE TABLE public.categories (
    id uuid DEFAULT public.uuid_generate_v4() NOT NULL,
    created_at timestamp with time zone,
    updated_at timestamp with time zone,
    deleted_at timestamp with time zone,
    parent_id uuid,
    parent_label character varying(50),
    name character varying(50) NOT NULL,
    type character varying(50) NOT NULL
);


ALTER TABLE public.categories OWNER TO postgres;

--
-- Name: goose_db_version; Type: TABLE; Schema: public; Owner: postgres
--

CREATE TABLE public.goose_db_version (
    id integer NOT NULL,
    version_id bigint NOT NULL,
    is_applied boolean NOT NULL,
    tstamp timestamp without time zone DEFAULT now() NOT NULL
);


ALTER TABLE public.goose_db_version OWNER TO postgres;

--
-- Name: goose_db_version_id_seq; Type: SEQUENCE; Schema: public; Owner: postgres
--

ALTER TABLE public.goose_db_version ALTER COLUMN id ADD GENERATED BY DEFAULT AS IDENTITY (
    SEQUENCE NAME public.goose_db_version_id_seq
    START WITH 1
    INCREMENT BY 1
    NO MINVALUE
    NO MAXVALUE
    CACHE 1
);


--
-- Name: investment_types; Type: TABLE; Schema: public; Owner: postgres
--

CREATE TABLE public.investment_types (
    id uuid DEFAULT public.uuid_generate_v4() NOT NULL,
    created_at timestamp with time zone,
    updated_at timestamp with time zone,
    deleted_at timestamp with time zone,
    name character varying(50) NOT NULL,
    unit text
);


ALTER TABLE public.investment_types OWNER TO postgres;

--
-- Name: investments; Type: TABLE; Schema: public; Owner: postgres
--

CREATE TABLE public.investments (
    id uuid DEFAULT public.uuid_generate_v4() NOT NULL,
    created_at timestamp with time zone,
    updated_at timestamp with time zone,
    deleted_at timestamp with time zone,
    investment_type_id uuid NOT NULL,
    user_id uuid NOT NULL,
    name character varying(50) NOT NULL,
    amount numeric(18,2) NOT NULL,
    quantity numeric(18,2) NOT NULL,
    investment_date timestamp without time zone NOT NULL,
    description text
);


ALTER TABLE public.investments OWNER TO postgres;

--
-- Name: reports; Type: TABLE; Schema: public; Owner: postgres
--

CREATE TABLE public.reports (
    id uuid DEFAULT public.uuid_generate_v4() NOT NULL,
    created_at timestamp with time zone,
    updated_at timestamp with time zone,
    deleted_at timestamp with time zone,
    user_id uuid NOT NULL,
    from_date timestamp with time zone NOT NULL,
    to_date timestamp with time zone NOT NULL,
    request_at timestamp with time zone NOT NULL,
    next_request_at timestamp with time zone NOT NULL,
    status public.report_status NOT NULL,
    file_url text,
    file_size bigint,
    generated_at timestamp with time zone
);


ALTER TABLE public.reports OWNER TO postgres;

--
-- Name: transactions; Type: TABLE; Schema: public; Owner: postgres
--

CREATE TABLE public.transactions (
    id uuid DEFAULT public.uuid_generate_v4() NOT NULL,
    created_at timestamp with time zone,
    updated_at timestamp with time zone,
    deleted_at timestamp with time zone,
    wallet_id uuid NOT NULL,
    category_id uuid NOT NULL,
    amount numeric(18,2) NOT NULL,
    transaction_date timestamp without time zone NOT NULL,
    description text
);


ALTER TABLE public.transactions OWNER TO postgres;

--
-- Name: users; Type: TABLE; Schema: public; Owner: postgres
--

CREATE TABLE public.users (
    id uuid DEFAULT public.uuid_generate_v4() NOT NULL,
    created_at timestamp with time zone,
    updated_at timestamp with time zone,
    deleted_at timestamp with time zone,
    name character varying(100) NOT NULL,
    email character varying(100) NOT NULL,
    password character varying(100) NOT NULL,
    role character varying(100) DEFAULT 'user'::character varying NOT NULL,
    email_verfied_at timestamp without time zone
);


ALTER TABLE public.users OWNER TO postgres;

--
-- Name: view_category_group_by_type; Type: VIEW; Schema: public; Owner: postgres
--

CREATE VIEW public.view_category_group_by_type AS
 SELECT parent.name AS group_name,
    json_agg(json_build_object('id', child.id, 'name', child.name) ORDER BY child.name) AS category,
    parent.type
   FROM (public.categories parent
     LEFT JOIN public.categories child ON ((child.parent_id = parent.id)))
  WHERE ((parent.parent_id IS NULL) AND (parent.deleted_at IS NULL))
  GROUP BY parent.name, parent.type;


ALTER VIEW public.view_category_group_by_type OWNER TO postgres;

--
-- Name: view_user_investments; Type: VIEW; Schema: public; Owner: postgres
--

CREATE VIEW public.view_user_investments AS
 SELECT investments.id,
    users.id AS user_id,
    investment_types.name AS investment_type,
    investments.name AS investment_name,
    investments.amount AS investment_amount,
    investments.quantity AS investment_quantity,
    investment_types.unit AS investment_unit,
    investments.investment_date
   FROM ((public.investments
     LEFT JOIN public.users ON (((users.id = investments.user_id) AND (users.deleted_at IS NULL))))
     LEFT JOIN public.investment_types ON (((investment_types.id = investments.investment_type_id) AND (investment_types.deleted_at IS NULL))))
  WHERE (investments.deleted_at IS NULL);


ALTER VIEW public.view_user_investments OWNER TO postgres;

--
-- Name: wallets; Type: TABLE; Schema: public; Owner: postgres
--

CREATE TABLE public.wallets (
    id uuid DEFAULT public.uuid_generate_v4() NOT NULL,
    created_at timestamp with time zone,
    updated_at timestamp with time zone,
    deleted_at timestamp with time zone,
    user_id uuid NOT NULL,
    wallet_type_id uuid NOT NULL,
    name character varying(50) NOT NULL,
    balance numeric(18,2) NOT NULL,
    number character varying(50) NOT NULL
);


ALTER TABLE public.wallets OWNER TO postgres;

--
-- Name: view_user_monthly_summaries; Type: MATERIALIZED VIEW; Schema: public; Owner: postgres
--

CREATE MATERIALIZED VIEW public.view_user_monthly_summaries AS
 SELECT u.id AS user_id,
    to_char(t.transaction_date, 'YYYY-MM'::text) AS month,
    rtrim(to_char(t.transaction_date, 'month'::text)) AS month_name,
    sum(
        CASE
            WHEN ((c.type)::text = 'income'::text) THEN t.amount
            ELSE (0)::numeric
        END) AS total_income,
    sum(
        CASE
            WHEN ((c.type)::text = 'expense'::text) THEN t.amount
            ELSE (0)::numeric
        END) AS total_expense
   FROM (((public.users u
     JOIN public.wallets w ON ((u.id = w.user_id)))
     JOIN public.transactions t ON ((w.id = t.wallet_id)))
     JOIN public.categories c ON ((c.id = t.category_id)))
  WHERE (t.transaction_date >= (date_trunc('month'::text, (CURRENT_DATE)::timestamp with time zone) - '11 mons'::interval))
  GROUP BY u.id, (to_char(t.transaction_date, 'YYYY-MM'::text)), (to_char(t.transaction_date, 'month'::text))
  ORDER BY u.id, (to_char(t.transaction_date, 'YYYY-MM'::text))
  WITH NO DATA;


ALTER MATERIALIZED VIEW public.view_user_monthly_summaries OWNER TO postgres;

--
-- Name: view_user_most_expenses; Type: MATERIALIZED VIEW; Schema: public; Owner: postgres
--

CREATE MATERIALIZED VIEW public.view_user_most_expenses AS
 WITH transaction_totals AS (
         SELECT wallets.user_id,
            parent.name AS parent_category_name,
            sum(transactions.amount) AS total,
            row_number() OVER (PARTITION BY wallets.user_id ORDER BY (sum(transactions.amount)) DESC) AS rank
           FROM ((((public.users
             LEFT JOIN public.wallets ON ((wallets.user_id = users.id)))
             LEFT JOIN public.transactions ON ((transactions.wallet_id = wallets.id)))
             LEFT JOIN public.categories ON ((categories.id = transactions.category_id)))
             LEFT JOIN public.categories parent ON ((parent.id = categories.parent_id)))
          WHERE (((categories.type)::text = 'expense'::text) AND (transactions.transaction_date >= (date_trunc('month'::text, (CURRENT_DATE)::timestamp with time zone) - '2 mons'::interval)))
          GROUP BY parent.name, wallets.user_id
        )
 SELECT user_id,
    parent_category_name,
    total,
    rank
   FROM transaction_totals
  WHERE (rank <= 7)
  ORDER BY user_id, total DESC
  WITH NO DATA;


ALTER MATERIALIZED VIEW public.view_user_most_expenses OWNER TO postgres;

--
-- Name: wallet_types; Type: TABLE; Schema: public; Owner: postgres
--

CREATE TABLE public.wallet_types (
    id uuid DEFAULT public.uuid_generate_v4() NOT NULL,
    created_at timestamp with time zone,
    updated_at timestamp with time zone,
    deleted_at timestamp with time zone,
    name character varying(50) NOT NULL,
    type character varying(50) NOT NULL
);


ALTER TABLE public.wallet_types OWNER TO postgres;

--
-- Name: view_user_wallet_daily_summaries; Type: MATERIALIZED VIEW; Schema: public; Owner: postgres
--

CREATE MATERIALIZED VIEW public.view_user_wallet_daily_summaries AS
 WITH date_series AS (
         SELECT (generate_series((CURRENT_DATE - '89 days'::interval), (CURRENT_DATE)::timestamp without time zone, '1 day'::interval))::date AS date
        ), wallet_info AS (
         SELECT w.id AS wallet_id,
            w.user_id,
            wt.type AS wallet_type,
            w.balance AS current_balance
           FROM (public.wallets w
             JOIN public.wallet_types wt ON ((wt.id = w.wallet_type_id)))
        ), tx_summary AS (
         SELECT t.wallet_id,
            date(t.transaction_date) AS date,
            sum(
                CASE
                    WHEN (((c.type)::text = 'expense'::text) OR (((c.type)::text = 'fund_transfer'::text) AND ((c.name)::text = 'Cash Out'::text))) THEN (('-1'::integer)::numeric * t.amount)
                    WHEN (((c.type)::text = 'income'::text) OR (((c.type)::text = 'fund_transfer'::text) AND ((c.name)::text = 'Cash In'::text))) THEN t.amount
                    ELSE (0)::numeric
                END) AS amount
           FROM (public.transactions t
             JOIN public.categories c ON ((t.category_id = c.id)))
          WHERE (t.deleted_at IS NULL)
          GROUP BY t.wallet_id, (date(t.transaction_date))
        ), daily_reverse_cumulative AS (
         SELECT ds.date,
            wi.user_id,
            wi.wallet_id,
            wi.wallet_type,
            (wi.current_balance - COALESCE(( SELECT sum(ts2.amount) AS sum
                   FROM tx_summary ts2
                  WHERE ((ts2.wallet_id = wi.wallet_id) AND (ts2.date > ds.date))), (0)::numeric)) AS total_amount
           FROM (date_series ds
             CROSS JOIN wallet_info wi)
        ), pivoted AS (
         SELECT daily_reverse_cumulative.date,
            daily_reverse_cumulative.user_id,
            sum(
                CASE
                    WHEN ((daily_reverse_cumulative.wallet_type)::text = 'physical'::text) THEN daily_reverse_cumulative.total_amount
                    ELSE (0)::numeric
                END) AS physical,
            sum(
                CASE
                    WHEN ((daily_reverse_cumulative.wallet_type)::text = 'e-wallet'::text) THEN daily_reverse_cumulative.total_amount
                    ELSE (0)::numeric
                END) AS e_wallet,
            sum(
                CASE
                    WHEN ((daily_reverse_cumulative.wallet_type)::text = 'bank'::text) THEN daily_reverse_cumulative.total_amount
                    ELSE (0)::numeric
                END) AS bank,
            sum(
                CASE
                    WHEN ((daily_reverse_cumulative.wallet_type)::text <> ALL ((ARRAY['physical'::character varying, 'e-wallet'::character varying, 'bank'::character varying])::text[])) THEN daily_reverse_cumulative.total_amount
                    ELSE (0)::numeric
                END) AS others
           FROM daily_reverse_cumulative
          GROUP BY daily_reverse_cumulative.date, daily_reverse_cumulative.user_id
        )
 SELECT date,
    user_id,
    physical,
    e_wallet,
    bank,
    others
   FROM pivoted
  ORDER BY user_id, date
  WITH NO DATA;


ALTER MATERIALIZED VIEW public.view_user_wallet_daily_summaries OWNER TO postgres;

--
-- Name: view_user_summaries; Type: MATERIALIZED VIEW; Schema: public; Owner: postgres
--

CREATE MATERIALIZED VIEW public.view_user_summaries AS
 WITH current_month AS (
         SELECT u_1.id AS user_id,
            sum(
                CASE
                    WHEN ((c.type)::text = 'income'::text) THEN t.amount
                    ELSE (0)::numeric
                END) AS income_now,
            sum(
                CASE
                    WHEN ((c.type)::text = 'expense'::text) THEN t.amount
                    ELSE (0)::numeric
                END) AS expense_now
           FROM (((public.users u_1
             JOIN public.wallets w ON ((w.user_id = u_1.id)))
             LEFT JOIN public.transactions t ON ((t.wallet_id = w.id)))
             LEFT JOIN public.categories c ON ((c.id = t.category_id)))
          WHERE ((t.transaction_date >= date_trunc('month'::text, (CURRENT_DATE)::timestamp with time zone)) AND (t.transaction_date < date_trunc('month'::text, (CURRENT_DATE + '1 mon'::interval))))
          GROUP BY u_1.id
        ), previous_month AS (
         SELECT u_1.id AS user_id,
            sum(
                CASE
                    WHEN ((c.type)::text = 'income'::text) THEN t.amount
                    ELSE (0)::numeric
                END) AS income_prev,
            sum(
                CASE
                    WHEN ((c.type)::text = 'expense'::text) THEN t.amount
                    ELSE (0)::numeric
                END) AS expense_prev
           FROM (((public.users u_1
             JOIN public.wallets w ON ((w.user_id = u_1.id)))
             LEFT JOIN public.transactions t ON ((t.wallet_id = w.id)))
             LEFT JOIN public.categories c ON ((c.id = t.category_id)))
          WHERE ((t.transaction_date >= date_trunc('month'::text, (CURRENT_DATE - '1 mon'::interval))) AND (t.transaction_date < date_trunc('month'::text, (CURRENT_DATE)::timestamp with time zone)))
          GROUP BY u_1.id
        ), current_balance AS (
         SELECT u_1.id AS user_id,
            sum(w.balance) AS balance_now
           FROM (public.users u_1
             JOIN public.wallets w ON ((w.user_id = u_1.id)))
          GROUP BY u_1.id
        ), previous_balance AS (
         SELECT view_user_wallet_daily_summaries.user_id,
            (((view_user_wallet_daily_summaries.physical + view_user_wallet_daily_summaries.e_wallet) + view_user_wallet_daily_summaries.bank) + view_user_wallet_daily_summaries.others) AS balance_prev
           FROM public.view_user_wallet_daily_summaries
          WHERE (view_user_wallet_daily_summaries.date = ((date_trunc('month'::text, (CURRENT_DATE)::timestamp with time zone) - '1 day'::interval))::date)
        )
 SELECT u.id AS user_id,
    u.name,
    COALESCE(cm.income_now, (0)::numeric) AS income_now,
    COALESCE(cm.expense_now, (0)::numeric) AS expense_now,
    (COALESCE(cm.income_now, (0)::numeric) - COALESCE(cm.expense_now, (0)::numeric)) AS profit_now,
    COALESCE(cb.balance_now, (0)::numeric) AS balance_now,
    round((((COALESCE(cm.income_now, (0)::numeric) - COALESCE(pm.income_prev, (0)::numeric)) / NULLIF(pm.income_prev, (0)::numeric)) * (100)::numeric), 2) AS user_income_growth_percentage,
    round((((COALESCE(cm.expense_now, (0)::numeric) - COALESCE(pm.expense_prev, (0)::numeric)) / NULLIF(pm.expense_prev, (0)::numeric)) * (100)::numeric), 2) AS user_expense_growth_percentage,
    round(((((COALESCE(cm.income_now, (0)::numeric) - COALESCE(cm.expense_now, (0)::numeric)) - (COALESCE(pm.income_prev, (0)::numeric) - COALESCE(pm.expense_prev, (0)::numeric))) / NULLIF((COALESCE(pm.income_prev, (0)::numeric) - COALESCE(pm.expense_prev, (0)::numeric)), (0)::numeric)) * (100)::numeric), 2) AS user_profit_growth_percentage,
    round((((COALESCE(cb.balance_now, (0)::numeric) - COALESCE(pb.balance_prev, (0)::numeric)) / NULLIF(pb.balance_prev, (0)::numeric)) * (100)::numeric), 2) AS user_balance_growth_percentage
   FROM ((((public.users u
     LEFT JOIN current_month cm ON ((cm.user_id = u.id)))
     LEFT JOIN previous_month pm ON ((pm.user_id = u.id)))
     LEFT JOIN current_balance cb ON ((cb.user_id = u.id)))
     LEFT JOIN previous_balance pb ON ((pb.user_id = u.id)))
  WITH NO DATA;


ALTER MATERIALIZED VIEW public.view_user_summaries OWNER TO postgres;

--
-- Name: view_user_transactions; Type: VIEW; Schema: public; Owner: postgres
--

CREATE VIEW public.view_user_transactions AS
 SELECT transactions.id,
    users.id AS user_id,
    wallets.id AS wallet_id,
    wallets.number AS wallet_number,
    wallet_types.name AS wallet_type,
    wallets.balance AS wallet_balance,
    categories.name AS category_name,
    categories.type AS category_type,
    transactions.amount,
    transactions.transaction_date,
    transactions.description,
    wallet_types.type AS wallet_type_name,
    categories.id AS category_id
   FROM ((((public.transactions
     LEFT JOIN public.wallets ON (((wallets.id = transactions.wallet_id) AND (transactions.deleted_at IS NULL))))
     LEFT JOIN public.users ON (((users.id = wallets.user_id) AND (users.deleted_at IS NULL))))
     LEFT JOIN public.wallet_types ON (((wallet_types.id = wallets.wallet_type_id) AND (wallet_types.deleted_at IS NULL))))
     LEFT JOIN public.categories ON (((categories.id = transactions.category_id) AND (categories.deleted_at IS NULL))))
  WHERE (transactions.deleted_at IS NULL);


ALTER VIEW public.view_user_transactions OWNER TO postgres;

--
-- Name: view_user_wallets; Type: VIEW; Schema: public; Owner: postgres
--

CREATE VIEW public.view_user_wallets AS
 SELECT wallets.id,
    users.id AS user_id,
    wallets.number AS wallet_number,
    wallets.balance AS wallet_balance,
    wallets.name AS wallet_name,
    wallet_types.name AS wallet_type_name,
    wallet_types.type AS wallet_type
   FROM ((public.wallets
     LEFT JOIN public.users ON (((users.id = wallets.user_id) AND (users.deleted_at IS NULL))))
     LEFT JOIN public.wallet_types ON (((wallet_types.id = wallets.wallet_type_id) AND (wallet_types.deleted_at IS NULL))))
  WHERE (wallets.deleted_at IS NULL);


ALTER VIEW public.view_user_wallets OWNER TO postgres;

--
-- Name: view_user_wallets_group_by_type; Type: VIEW; Schema: public; Owner: postgres
--

CREATE VIEW public.view_user_wallets_group_by_type AS
 SELECT users.id AS user_id,
    wallet_types.type,
    json_agg(json_build_object('id', wallets.id, 'name', wallets.name, 'number', wallets.number, 'balance', wallets.balance)) AS wallets
   FROM ((public.wallets
     JOIN public.users ON (((users.id = wallets.user_id) AND (users.deleted_at IS NULL))))
     JOIN public.wallet_types ON (((wallet_types.id = wallets.wallet_type_id) AND (wallet_types.deleted_at IS NULL))))
  WHERE (wallets.deleted_at IS NULL)
  GROUP BY users.id, wallet_types.type;


ALTER VIEW public.view_user_wallets_group_by_type OWNER TO postgres;

--
-- Data for Name: job; Type: TABLE DATA; Schema: cron; Owner: postgres
--

COPY cron.job (jobid, schedule, command, nodename, nodeport, database, username, active, jobname) FROM stdin;
1	0 18 * * *	REFRESH MATERIALIZED VIEW view_user_wallet_daily_summaries	localhost	5432	refina	postgres	t	\N
2	0 18 * * *	REFRESH MATERIALIZED VIEW view_user_summaries	localhost	5432	refina	postgres	t	\N
3	0 18 * * *	REFRESH MATERIALIZED VIEW view_user_monthly_summaries	localhost	5432	refina	postgres	t	\N
4	0 18 * * *	REFRESH MATERIALIZED VIEW view_user_most_expenses	localhost	5432	refina	postgres	t	\N
\.


--
-- Data for Name: job_run_details; Type: TABLE DATA; Schema: cron; Owner: postgres
--

COPY cron.job_run_details (jobid, runid, job_pid, database, username, command, status, return_message, start_time, end_time) FROM stdin;
3	4	49195	refina	postgres	REFRESH MATERIALIZED VIEW view_user_monthly_summaries	succeeded	REFRESH MATERIALIZED VIEW	2025-12-25 18:00:00.118814+00	2025-12-25 18:00:00.208844+00
4	2	49193	refina	postgres	REFRESH MATERIALIZED VIEW view_user_most_expenses	succeeded	REFRESH MATERIALIZED VIEW	2025-12-25 18:00:00.095927+00	2025-12-25 18:00:00.216652+00
1	3	49194	refina	postgres	REFRESH MATERIALIZED VIEW view_user_wallet_daily_summaries	succeeded	REFRESH MATERIALIZED VIEW	2025-12-25 18:00:00.110815+00	2025-12-25 18:00:05.20347+00
2	1	49192	refina	postgres	REFRESH MATERIALIZED VIEW view_user_summaries	succeeded	REFRESH MATERIALIZED VIEW	2025-12-25 18:00:00.100726+00	2025-12-25 18:00:05.230367+00
\.


--
-- Data for Name: attachments; Type: TABLE DATA; Schema: public; Owner: postgres
--

COPY public.attachments (id, created_at, updated_at, deleted_at, transaction_id, image, format, size) FROM stdin;
214f0406-1f3c-42fd-bbc2-720ed2407f55	2025-12-25 11:50:45.166399+00	2025-12-25 11:50:45.166399+00	\N	28a614a9-4ab6-4b58-b7b0-da1f25258429	https://storage.miftech.web.id/refina-transaction-attachments/transaction_attachments_28a614a9-4ab6-4b58-b7b0-da1f25258429_1766663445.png	.png	1917483
d1787414-98fc-44f0-a32b-51a737d42f7b	2025-12-26 01:45:10.07444+00	2025-12-26 01:45:10.07444+00	\N	cdf9acbe-d239-4d0c-9dd7-ad02d0bbbde3	https://storage.miftech.web.id/refina-transaction-attachments/transaction_attachments_cdf9acbe-d239-4d0c-9dd7-ad02d0bbbde3_1766713509.png	.png	1315800
9464f7c7-1dca-43ce-a918-ac1fefa091e6	2025-12-26 02:09:37.261184+00	2025-12-26 02:09:37.261184+00	\N	81e54731-6a4c-4ade-81c1-b96bd109898b	https://storage.miftech.web.id/refina-transaction-attachments/transaction_attachments_81e54731-6a4c-4ade-81c1-b96bd109898b_1766714977.png	.png	397
651d058a-3289-4e0d-a59f-7f649f7e1446	2025-12-26 02:38:29.839901+00	2025-12-26 02:38:29.839901+00	\N	14d150fd-e867-411e-a868-f93f7bb70735	https://storage.miftech.web.id/refina-transaction-attachments/transaction_attachments_14d150fd-e867-411e-a868-f93f7bb70735_1766716709.png	.png	1048576
53f84aaa-7d80-48b2-9eb6-7d8adc9dfb16	2025-12-26 02:38:33.342214+00	2025-12-26 02:38:33.342214+00	\N	b6d95ba7-c056-4d0e-a667-678a622aa9f5	https://storage.miftech.web.id/refina-transaction-attachments/transaction_attachments_b6d95ba7-c056-4d0e-a667-678a622aa9f5_1766716713.png	.png	1048576
5ffba02e-2b86-4b9c-888f-defae96b303d	2025-12-26 02:38:36.759818+00	2025-12-26 02:38:36.759818+00	\N	6e3e4471-ca07-48d4-b598-4ff9f67a2ee9	https://storage.miftech.web.id/refina-transaction-attachments/transaction_attachments_6e3e4471-ca07-48d4-b598-4ff9f67a2ee9_1766716716.png	.png	1048576
d20abcb7-7e38-4533-a0a3-3fbf2c23ffc2	2025-12-26 02:38:38.633033+00	2025-12-26 02:38:38.633033+00	\N	fd0520b7-a29b-4ca4-95f2-f5dbcfd0e117	https://storage.miftech.web.id/refina-transaction-attachments/transaction_attachments_fd0520b7-a29b-4ca4-95f2-f5dbcfd0e117_1766716718.png	.png	1048576
016c111d-7696-4e5f-a0c1-5296912340b6	2025-12-26 02:38:42.07061+00	2025-12-26 02:38:42.07061+00	\N	27780b8f-1700-4707-a381-ddd10c4a46a7	https://storage.miftech.web.id/refina-transaction-attachments/transaction_attachments_27780b8f-1700-4707-a381-ddd10c4a46a7_1766716721.png	.png	1048576
714dfa43-3b8c-415a-bc42-075ff2962ee5	2025-12-26 02:38:43.944494+00	2025-12-26 02:38:43.944494+00	\N	6dc9ca9c-f894-4b23-969b-af63add688ea	https://storage.miftech.web.id/refina-transaction-attachments/transaction_attachments_6dc9ca9c-f894-4b23-969b-af63add688ea_1766716723.png	.png	1048576
0e89e15a-0c53-418d-9f41-ad2592090067	2025-12-26 02:38:44.731547+00	2025-12-26 02:38:44.731547+00	\N	83938b47-fd8d-41b9-8c04-50a508a82e0d	https://storage.miftech.web.id/refina-transaction-attachments/transaction_attachments_83938b47-fd8d-41b9-8c04-50a508a82e0d_1766716724.png	.png	1048576
a18641af-0364-4e49-86a0-e572b20ed326	2025-12-26 02:38:46.427731+00	2025-12-26 02:38:46.427731+00	\N	fac68c42-da5c-433d-a734-03f9b1640652	https://storage.miftech.web.id/refina-transaction-attachments/transaction_attachments_fac68c42-da5c-433d-a734-03f9b1640652_1766716726.png	.png	1048576
cf6ee3a4-bb40-47e2-913a-57bdf5a6e8c7	2025-12-26 02:38:48.156655+00	2025-12-26 02:38:48.156655+00	\N	4e9975e9-88c9-485e-8567-9e902b7a61f9	https://storage.miftech.web.id/refina-transaction-attachments/transaction_attachments_4e9975e9-88c9-485e-8567-9e902b7a61f9_1766716728.png	.png	1048576
fb194178-21a1-43ff-ae86-304b04ae6c3e	2025-12-26 02:38:48.721526+00	2025-12-26 02:38:48.721526+00	\N	8a69ea89-b83b-44a3-90d4-b45678cd2507	https://storage.miftech.web.id/refina-transaction-attachments/transaction_attachments_8a69ea89-b83b-44a3-90d4-b45678cd2507_1766716728.png	.png	1048576
422b1151-d7d4-42e3-babc-ce5668c9e8ac	2025-12-26 02:38:50.996116+00	2025-12-26 02:38:50.996116+00	\N	bd9ccf5a-9ac9-44fe-af5a-67500873505b	https://storage.miftech.web.id/refina-transaction-attachments/transaction_attachments_bd9ccf5a-9ac9-44fe-af5a-67500873505b_1766716730.png	.png	1048576
24e4924b-4e40-45bd-9c31-c25f3b2069ce	2025-12-26 02:38:51.445288+00	2025-12-26 02:38:51.445288+00	\N	e87924fd-9561-41c4-b26a-01100ff13fd7	https://storage.miftech.web.id/refina-transaction-attachments/transaction_attachments_e87924fd-9561-41c4-b26a-01100ff13fd7_1766716731.png	.png	1048576
30e9de88-0a1a-4e6b-8877-c12aef0bd610	2025-12-26 02:38:52.621437+00	2025-12-26 02:38:52.621437+00	\N	563e52d0-ad42-4928-a5a0-c5a41ca276d7	https://storage.miftech.web.id/refina-transaction-attachments/transaction_attachments_563e52d0-ad42-4928-a5a0-c5a41ca276d7_1766716732.png	.png	1048576
1e8e6aa2-834c-41a1-943c-78d5e4e5d2d6	2025-12-26 02:38:54.878441+00	2025-12-26 02:38:54.878441+00	\N	90a7b59e-0159-4a1b-b560-a3e658ad4e0b	https://storage.miftech.web.id/refina-transaction-attachments/transaction_attachments_90a7b59e-0159-4a1b-b560-a3e658ad4e0b_1766716734.png	.png	1048576
9c2865ae-99e7-4727-9d9c-509b8c31851f	2025-12-26 02:38:55.974907+00	2025-12-26 02:38:55.974907+00	\N	c32f294d-7f56-4e92-97d4-01746d75337e	https://storage.miftech.web.id/refina-transaction-attachments/transaction_attachments_c32f294d-7f56-4e92-97d4-01746d75337e_1766716735.png	.png	1048576
809caf98-0328-4e1b-850e-48bdf72bcda9	2025-12-26 02:38:57.499238+00	2025-12-26 02:38:57.499238+00	\N	14200174-6fa3-488f-95b0-cfebbd5c2739	https://storage.miftech.web.id/refina-transaction-attachments/transaction_attachments_14200174-6fa3-488f-95b0-cfebbd5c2739_1766716737.png	.png	1048576
344e0fea-4158-4edb-8a38-1533e5f1986e	2025-12-26 02:38:58.354469+00	2025-12-26 02:38:58.354469+00	\N	3ddb6ce6-1e85-4061-bfcd-f67316b90a4b	https://storage.miftech.web.id/refina-transaction-attachments/transaction_attachments_3ddb6ce6-1e85-4061-bfcd-f67316b90a4b_1766716738.png	.png	1048576
c545a5e4-53eb-48ab-bcc9-d69e9ab57177	2025-12-26 02:38:59.322396+00	2025-12-26 02:38:59.322396+00	\N	1ba4bb6c-04a6-4f2c-a815-d6ff1c48ba97	https://storage.miftech.web.id/refina-transaction-attachments/transaction_attachments_1ba4bb6c-04a6-4f2c-a815-d6ff1c48ba97_1766716739.png	.png	1048576
4a2f9a8f-970a-4337-a885-cc596a353a4e	2025-12-26 02:39:00.13547+00	2025-12-26 02:39:00.13547+00	\N	9fff6f42-9c32-4963-921a-7e5c49f55adf	https://storage.miftech.web.id/refina-transaction-attachments/transaction_attachments_9fff6f42-9c32-4963-921a-7e5c49f55adf_1766716740.png	.png	1048576
bc84dba6-e388-41f7-a83a-bf9b5b22b4a7	2025-12-26 02:39:02.307309+00	2025-12-26 02:39:02.307309+00	\N	88111a45-7418-42b1-a634-cffc1c48498f	https://storage.miftech.web.id/refina-transaction-attachments/transaction_attachments_88111a45-7418-42b1-a634-cffc1c48498f_1766716742.png	.png	1048576
1c448383-1cb2-4951-894b-4583d6751765	2025-12-26 02:39:03.42783+00	2025-12-26 02:39:03.42783+00	\N	a99e21c2-e354-4213-9589-e7f8b4b60ca3	https://storage.miftech.web.id/refina-transaction-attachments/transaction_attachments_a99e21c2-e354-4213-9589-e7f8b4b60ca3_1766716742.png	.png	1048576
bf255652-5780-43cb-9393-f776f47f7b04	2025-12-26 02:39:03.697333+00	2025-12-26 02:39:03.697333+00	\N	ac094dfd-9c71-44f5-ac74-43be233738ec	https://storage.miftech.web.id/refina-transaction-attachments/transaction_attachments_ac094dfd-9c71-44f5-ac74-43be233738ec_1766716743.png	.png	1048576
14a0b605-2102-4b09-8ef4-fa2d27961f19	2025-12-26 02:39:05.327281+00	2025-12-26 02:39:05.327281+00	\N	f49846f4-b1bd-4e8e-baa6-f6611848b998	https://storage.miftech.web.id/refina-transaction-attachments/transaction_attachments_f49846f4-b1bd-4e8e-baa6-f6611848b998_1766716745.png	.png	1048576
ae2e8f11-c830-4cdb-8000-31eb681c0db7	2025-12-26 02:39:05.473318+00	2025-12-26 02:39:05.473318+00	\N	a7563597-1028-494c-963b-6d17e72fb271	https://storage.miftech.web.id/refina-transaction-attachments/transaction_attachments_a7563597-1028-494c-963b-6d17e72fb271_1766716745.png	.png	1048576
fb58134b-bd08-4b39-887a-f16b5c258fe1	2025-12-26 02:39:06.615878+00	2025-12-26 02:39:06.615878+00	\N	1b9a8785-d6cc-4e96-922d-3c86319b82ba	https://storage.miftech.web.id/refina-transaction-attachments/transaction_attachments_1b9a8785-d6cc-4e96-922d-3c86319b82ba_1766716746.png	.png	1048576
a461266b-6f4c-496a-b5f4-89bb6b48b104	2025-12-26 02:39:08.794085+00	2025-12-26 02:39:08.794085+00	\N	3ad677c5-34e5-4cc2-b784-f8268c1f12ac	https://storage.miftech.web.id/refina-transaction-attachments/transaction_attachments_3ad677c5-34e5-4cc2-b784-f8268c1f12ac_1766716748.png	.png	1048576
cfa803a4-fc41-43a1-b825-c6ffb3e42493	2025-12-26 02:39:09.306932+00	2025-12-26 02:39:09.306932+00	\N	b743112c-7b0b-46e0-a054-ec89fcceba6e	https://storage.miftech.web.id/refina-transaction-attachments/transaction_attachments_b743112c-7b0b-46e0-a054-ec89fcceba6e_1766716749.png	.png	1048576
97d91d40-eb11-4ef0-b6ec-6c5611d3330a	2025-12-26 02:39:10.547028+00	2025-12-26 02:39:10.547028+00	\N	c26f3983-df56-48e3-ac42-63cb4ac2ed24	https://storage.miftech.web.id/refina-transaction-attachments/transaction_attachments_c26f3983-df56-48e3-ac42-63cb4ac2ed24_1766716750.png	.png	1048576
3b005b93-436a-4d63-a4c7-c4f38f524971	2025-12-26 02:39:11.264618+00	2025-12-26 02:39:11.264618+00	\N	27ce43a8-c0a4-41be-816c-3911de278b75	https://storage.miftech.web.id/refina-transaction-attachments/transaction_attachments_27ce43a8-c0a4-41be-816c-3911de278b75_1766716751.png	.png	1048576
51250eff-72be-41d5-8c5f-619dcb02327d	2025-12-26 02:39:13.017811+00	2025-12-26 02:39:13.017811+00	\N	af810770-1113-48ae-a376-f75d2e1cb780	https://storage.miftech.web.id/refina-transaction-attachments/transaction_attachments_af810770-1113-48ae-a376-f75d2e1cb780_1766716752.png	.png	1048576
a987fbd3-a877-4e10-a3b0-65b54202a81d	2025-12-26 02:39:13.662948+00	2025-12-26 02:39:13.662948+00	\N	95a3d562-93e1-460d-af92-97d51853ef33	https://storage.miftech.web.id/refina-transaction-attachments/transaction_attachments_95a3d562-93e1-460d-af92-97d51853ef33_1766716753.png	.png	1048576
4ab20acb-ad4c-4bcc-84b6-62a08dfcc5aa	2025-12-26 02:39:14.657595+00	2025-12-26 02:39:14.657595+00	\N	4d371e51-615b-4c39-86b7-cee25d867c01	https://storage.miftech.web.id/refina-transaction-attachments/transaction_attachments_4d371e51-615b-4c39-86b7-cee25d867c01_1766716754.png	.png	1048576
4c281c65-8afc-4fb1-9275-c7388951c989	2025-12-26 02:39:15.303343+00	2025-12-26 02:39:15.303343+00	\N	da4f4f94-9321-42a0-936d-008c8e700cf7	https://storage.miftech.web.id/refina-transaction-attachments/transaction_attachments_da4f4f94-9321-42a0-936d-008c8e700cf7_1766716755.png	.png	1048576
0e36da66-621f-4c0f-a187-ccdc831382f7	2025-12-26 02:39:17.166112+00	2025-12-26 02:39:17.166112+00	\N	efbe2574-f797-4f42-815e-59ed5073251f	https://storage.miftech.web.id/refina-transaction-attachments/transaction_attachments_efbe2574-f797-4f42-815e-59ed5073251f_1766716757.png	.png	1048576
d1ea9600-8d90-4832-baa4-4fd9547897ed	2025-12-26 02:39:19.396043+00	2025-12-26 02:39:19.396043+00	\N	5841ab7b-37c6-4016-9ca2-1bde990ec4dd	https://storage.miftech.web.id/refina-transaction-attachments/transaction_attachments_5841ab7b-37c6-4016-9ca2-1bde990ec4dd_1766716759.png	.png	1048576
4e9c1e21-c0c4-4735-a128-64d6db1a3379	2025-12-26 02:39:19.995345+00	2025-12-26 02:39:19.995345+00	\N	6a8ea766-4e13-449e-92a3-b355c7beb2e2	https://storage.miftech.web.id/refina-transaction-attachments/transaction_attachments_6a8ea766-4e13-449e-92a3-b355c7beb2e2_1766716759.png	.png	1048576
d5950533-ba7e-48c6-a046-7dcf830f4418	2025-12-26 02:39:22.296573+00	2025-12-26 02:39:22.296573+00	\N	2590c384-7477-4e92-8074-866775ef76ce	https://storage.miftech.web.id/refina-transaction-attachments/transaction_attachments_2590c384-7477-4e92-8074-866775ef76ce_1766716762.png	.png	1048576
238b4bc1-61b8-40cc-b8e5-70b4cb12c0ef	2025-12-26 02:39:22.589787+00	2025-12-26 02:39:22.589787+00	\N	6f3af3d9-cc40-4b0f-89bd-934a9a8c515e	https://storage.miftech.web.id/refina-transaction-attachments/transaction_attachments_6f3af3d9-cc40-4b0f-89bd-934a9a8c515e_1766716762.png	.png	1048576
8f40b7b1-c565-46e2-a12b-2456a4f7de26	2025-12-26 02:39:23.960729+00	2025-12-26 02:39:23.960729+00	\N	94247386-2385-4424-9ac1-c6b91cb70bf6	https://storage.miftech.web.id/refina-transaction-attachments/transaction_attachments_94247386-2385-4424-9ac1-c6b91cb70bf6_1766716763.png	.png	1048576
c1bfabc0-0b70-42d6-b8ff-e59e5fb15baf	2025-12-26 02:39:24.266221+00	2025-12-26 02:39:24.266221+00	\N	70224784-3605-4d36-a244-ec2bbd541df2	https://storage.miftech.web.id/refina-transaction-attachments/transaction_attachments_70224784-3605-4d36-a244-ec2bbd541df2_1766716764.png	.png	1048576
bb810cb9-67ef-4c47-a531-93800d905675	2025-12-26 02:39:26.297637+00	2025-12-26 02:39:26.297637+00	\N	e8153507-2c3b-42f2-8d95-9bfa3e942992	https://storage.miftech.web.id/refina-transaction-attachments/transaction_attachments_e8153507-2c3b-42f2-8d95-9bfa3e942992_1766716766.png	.png	1048576
556f9199-1840-481c-b3ca-5d556746a989	2025-12-26 02:39:26.664582+00	2025-12-26 02:39:26.664582+00	\N	0ed7ae01-be15-4fea-9bd5-094024c0ebac	https://storage.miftech.web.id/refina-transaction-attachments/transaction_attachments_0ed7ae01-be15-4fea-9bd5-094024c0ebac_1766716766.png	.png	1048576
629c5f5a-17e9-4d13-afb5-358204b1675d	2025-12-26 02:39:28.174545+00	2025-12-26 02:39:28.174545+00	\N	32d367e2-d25f-4fd6-9f65-a584756f26fd	https://storage.miftech.web.id/refina-transaction-attachments/transaction_attachments_32d367e2-d25f-4fd6-9f65-a584756f26fd_1766716768.png	.png	1048576
3e95faa5-4aaa-4fe2-97dd-2a6558d70d95	2025-12-26 02:39:30.073678+00	2025-12-26 02:39:30.073678+00	\N	efababb6-3b7b-49cd-9943-19b34b83fcfc	https://storage.miftech.web.id/refina-transaction-attachments/transaction_attachments_efababb6-3b7b-49cd-9943-19b34b83fcfc_1766716769.png	.png	1048576
3647f2ad-a127-4941-9036-eaec353e9fc4	2025-12-26 02:39:30.818935+00	2025-12-26 02:39:30.818935+00	\N	b6685395-e2f4-4dbd-9aeb-df8b1fe52814	https://storage.miftech.web.id/refina-transaction-attachments/transaction_attachments_b6685395-e2f4-4dbd-9aeb-df8b1fe52814_1766716770.png	.png	1048576
f5d26440-418c-451b-bf78-51804936a4f0	2025-12-26 02:39:31.342974+00	2025-12-26 02:39:31.342974+00	\N	4cad30bd-3c22-4344-ab5c-3e1c864eed90	https://storage.miftech.web.id/refina-transaction-attachments/transaction_attachments_4cad30bd-3c22-4344-ab5c-3e1c864eed90_1766716771.png	.png	1048576
3952edb8-6746-43c1-9c0c-7ef8b671e993	2025-12-26 02:39:32.945343+00	2025-12-26 02:39:32.945343+00	\N	4156aba5-c738-4922-ab5c-5e4c0f541eb8	https://storage.miftech.web.id/refina-transaction-attachments/transaction_attachments_4156aba5-c738-4922-ab5c-5e4c0f541eb8_1766716772.png	.png	1048576
3ef27024-8c80-44c3-b3bc-46d12c29eaaf	2025-12-26 02:39:34.417029+00	2025-12-26 02:39:34.417029+00	\N	236fab49-b05b-464b-9920-bf90745cc980	https://storage.miftech.web.id/refina-transaction-attachments/transaction_attachments_236fab49-b05b-464b-9920-bf90745cc980_1766716774.png	.png	1048576
0be1dfb4-17d5-40fc-ae61-979f6dd5143f	2025-12-26 02:39:34.670679+00	2025-12-26 02:39:34.670679+00	\N	bf7a3610-4662-41fc-9a04-b4cab958a617	https://storage.miftech.web.id/refina-transaction-attachments/transaction_attachments_bf7a3610-4662-41fc-9a04-b4cab958a617_1766716774.png	.png	1048576
a4a75195-b9ed-4743-84db-a44451d70a47	2025-12-26 02:39:35.275107+00	2025-12-26 02:39:35.275107+00	\N	ebe57a8a-a079-4601-9c81-5fff4b9ec021	https://storage.miftech.web.id/refina-transaction-attachments/transaction_attachments_ebe57a8a-a079-4601-9c81-5fff4b9ec021_1766716775.png	.png	1048576
12c836df-d97e-402b-adf3-5f24cafe8ce4	2025-12-26 02:39:36.026359+00	2025-12-26 02:39:36.026359+00	\N	3e7547ce-c8df-439e-bbd4-eb1ed42fdef6	https://storage.miftech.web.id/refina-transaction-attachments/transaction_attachments_3e7547ce-c8df-439e-bbd4-eb1ed42fdef6_1766716775.png	.png	1048576
226a57ca-3107-4d04-8c3d-6db2bb7ff7d2	2025-12-26 02:39:37.607563+00	2025-12-26 02:39:37.607563+00	\N	3e75ed58-7da3-454e-b720-ade6a79f1c5f	https://storage.miftech.web.id/refina-transaction-attachments/transaction_attachments_3e75ed58-7da3-454e-b720-ade6a79f1c5f_1766716777.png	.png	1048576
72cc4c82-4300-4277-852c-01237bef1964	2025-12-26 02:39:40.902141+00	2025-12-26 02:39:40.902141+00	\N	a9e09ec6-ffd0-4171-91d5-5966db85c1c6	https://storage.miftech.web.id/refina-transaction-attachments/transaction_attachments_a9e09ec6-ffd0-4171-91d5-5966db85c1c6_1766716780.png	.png	1048576
2bcb0f3e-e896-43e9-a12a-0d09112c7cbe	2025-12-26 02:39:40.995463+00	2025-12-26 02:39:40.995463+00	\N	435c72e7-343d-4dda-a381-3e260ddc0b0e	https://storage.miftech.web.id/refina-transaction-attachments/transaction_attachments_435c72e7-343d-4dda-a381-3e260ddc0b0e_1766716780.png	.png	1048576
31942bf3-a91a-41ba-a87d-13a26850e426	2025-12-26 02:39:41.168658+00	2025-12-26 02:39:41.168658+00	\N	d5498285-182c-4388-b8f9-169b5bd89286	https://storage.miftech.web.id/refina-transaction-attachments/transaction_attachments_d5498285-182c-4388-b8f9-169b5bd89286_1766716781.png	.png	1048576
bbb72877-dae8-4167-9efc-a08940c3a9ee	2025-12-26 02:39:19.495405+00	2025-12-26 02:39:19.495405+00	\N	405ea125-7613-48ab-af79-4f9dcb5ce938	https://storage.miftech.web.id/refina-transaction-attachments/transaction_attachments_405ea125-7613-48ab-af79-4f9dcb5ce938_1766716759.png	.png	1048576
12883bb9-7b65-4304-825f-3fc90c757cbe	2025-12-26 02:39:42.541992+00	2025-12-26 02:39:42.541992+00	\N	5740c4a2-3bf8-4c9a-8ea0-fb4d662fa2a4	https://storage.miftech.web.id/refina-transaction-attachments/transaction_attachments_5740c4a2-3bf8-4c9a-8ea0-fb4d662fa2a4_1766716782.png	.png	1048576
8ff529b9-d890-4433-bad3-a084a01c8d60	2025-12-26 02:39:42.639964+00	2025-12-26 02:39:42.639964+00	\N	3baabebb-6569-4a7d-9ed6-0e7966390fb3	https://storage.miftech.web.id/refina-transaction-attachments/transaction_attachments_3baabebb-6569-4a7d-9ed6-0e7966390fb3_1766716782.png	.png	1048576
241a8964-63f6-4242-8d3c-308b35e1a312	2025-12-26 02:39:44.53263+00	2025-12-26 02:39:44.53263+00	\N	f9d46734-b070-4bfb-9ff7-0a986e834425	https://storage.miftech.web.id/refina-transaction-attachments/transaction_attachments_f9d46734-b070-4bfb-9ff7-0a986e834425_1766716784.png	.png	1048576
7873bcd8-cbcd-40f3-8afd-40889b4fb4fc	2025-12-26 02:39:46.09328+00	2025-12-26 02:39:46.09328+00	\N	d0473a35-16a1-4c23-95b7-dbfd0ffcb788	https://storage.miftech.web.id/refina-transaction-attachments/transaction_attachments_d0473a35-16a1-4c23-95b7-dbfd0ffcb788_1766716786.png	.png	1048576
e4e23665-fd47-4a19-b813-60a65ecc95dc	2025-12-26 02:39:46.993744+00	2025-12-26 02:39:46.993744+00	\N	b02adb79-3302-4523-b179-5d85963957b3	https://storage.miftech.web.id/refina-transaction-attachments/transaction_attachments_b02adb79-3302-4523-b179-5d85963957b3_1766716786.png	.png	1048576
ace7b04b-e898-4dd7-9a82-a4e67b58969e	2025-12-26 02:39:49.227466+00	2025-12-26 02:39:49.227466+00	\N	55ae0d3d-44e8-4445-8f99-63f77d4db1a1	https://storage.miftech.web.id/refina-transaction-attachments/transaction_attachments_55ae0d3d-44e8-4445-8f99-63f77d4db1a1_1766716789.png	.png	1048576
4c376337-2cae-4012-9663-0441c97c7e2c	2025-12-26 02:39:49.339101+00	2025-12-26 02:39:49.339101+00	\N	f586b0a1-ca65-443e-bf1d-ba170ca0d1d6	https://storage.miftech.web.id/refina-transaction-attachments/transaction_attachments_f586b0a1-ca65-443e-bf1d-ba170ca0d1d6_1766716789.png	.png	1048576
299fbd88-2844-4534-a5b7-3a90322a718d	2025-12-26 02:39:49.749053+00	2025-12-26 02:39:49.749053+00	\N	006c8bd6-bcc3-483c-8749-9b0c3330c195	https://storage.miftech.web.id/refina-transaction-attachments/transaction_attachments_006c8bd6-bcc3-483c-8749-9b0c3330c195_1766716789.png	.png	1048576
6c4bc967-1855-4698-8dc4-dbd01f9c3358	2025-12-26 02:39:50.926719+00	2025-12-26 02:39:50.926719+00	\N	1f70ace2-96a3-46bb-8518-7b62ae1060fc	https://storage.miftech.web.id/refina-transaction-attachments/transaction_attachments_1f70ace2-96a3-46bb-8518-7b62ae1060fc_1766716790.png	.png	1048576
527d6333-3b7a-4a45-980c-a411e87ce346	2025-12-26 02:39:51.419873+00	2025-12-26 02:39:51.419873+00	\N	7258496e-0de8-43f3-bdff-52561db0b295	https://storage.miftech.web.id/refina-transaction-attachments/transaction_attachments_7258496e-0de8-43f3-bdff-52561db0b295_1766716791.png	.png	1048576
13740e9a-bb47-43c1-ad1d-42b0d1434878	2025-12-26 02:39:53.103948+00	2025-12-26 02:39:53.103948+00	\N	605d89eb-962f-4d6a-a316-969258ef81c3	https://storage.miftech.web.id/refina-transaction-attachments/transaction_attachments_605d89eb-962f-4d6a-a316-969258ef81c3_1766716792.png	.png	1048576
35b8219f-d38b-4feb-8118-fb9c421ebfa1	2025-12-26 02:39:55.452834+00	2025-12-26 02:39:55.452834+00	\N	b7447c66-1659-49e1-ad29-c209097ebd66	https://storage.miftech.web.id/refina-transaction-attachments/transaction_attachments_b7447c66-1659-49e1-ad29-c209097ebd66_1766716795.png	.png	1048576
9f018596-660f-4d64-ac8b-b4e6db433bf4	2025-12-26 02:39:55.731554+00	2025-12-26 02:39:55.731554+00	\N	a6cec559-c96f-468f-ae70-b29b2892e9b3	https://storage.miftech.web.id/refina-transaction-attachments/transaction_attachments_a6cec559-c96f-468f-ae70-b29b2892e9b3_1766716795.png	.png	1048576
de7fb6df-5339-44c2-b1eb-182a65d6596a	2025-12-26 02:39:56.507787+00	2025-12-26 02:39:56.507787+00	\N	495d4803-8edc-427d-aacc-d0482439058a	https://storage.miftech.web.id/refina-transaction-attachments/transaction_attachments_495d4803-8edc-427d-aacc-d0482439058a_1766716796.png	.png	1048576
30351397-c0c1-411e-b3ca-051c1785cc06	2025-12-26 02:39:57.308151+00	2025-12-26 02:39:57.308151+00	\N	c836f9c6-5ab1-4acf-a351-e288643fb7e3	https://storage.miftech.web.id/refina-transaction-attachments/transaction_attachments_c836f9c6-5ab1-4acf-a351-e288643fb7e3_1766716797.png	.png	1048576
ee57a34d-1574-4024-b8a2-92e895a746d2	2025-12-26 02:39:58.482842+00	2025-12-26 02:39:58.482842+00	\N	72c47432-3dd5-4fbb-8c94-440ca8784127	https://storage.miftech.web.id/refina-transaction-attachments/transaction_attachments_72c47432-3dd5-4fbb-8c94-440ca8784127_1766716798.png	.png	1048576
166ac0cd-a59c-4834-9f99-65f42a931717	2025-12-26 02:40:00.312259+00	2025-12-26 02:40:00.312259+00	\N	4d9a0056-bcb2-4b99-8034-1a60fc239a3e	https://storage.miftech.web.id/refina-transaction-attachments/transaction_attachments_4d9a0056-bcb2-4b99-8034-1a60fc239a3e_1766716800.png	.png	1048576
fce87d8e-f025-43af-8a34-11d001d7acec	2025-12-26 02:40:01.546701+00	2025-12-26 02:40:01.546701+00	\N	7c344525-ea29-4bec-979a-4583015044ea	https://storage.miftech.web.id/refina-transaction-attachments/transaction_attachments_7c344525-ea29-4bec-979a-4583015044ea_1766716801.png	.png	1048576
352e2702-efbd-4077-ba48-39ed3a4337da	2025-12-26 02:40:02.230033+00	2025-12-26 02:40:02.230033+00	\N	1531bc6f-024a-42b7-ab5d-b6efcf3ea905	https://storage.miftech.web.id/refina-transaction-attachments/transaction_attachments_1531bc6f-024a-42b7-ab5d-b6efcf3ea905_1766716801.png	.png	1048576
06e77396-444f-458f-ac63-b34ca5f77ae6	2025-12-26 02:40:02.857099+00	2025-12-26 02:40:02.857099+00	\N	0e660d56-a3c8-4a88-8975-be02a82fc551	https://storage.miftech.web.id/refina-transaction-attachments/transaction_attachments_0e660d56-a3c8-4a88-8975-be02a82fc551_1766716802.png	.png	1048576
929239c7-0688-4cb9-9611-be8e753b18c0	2025-12-26 02:40:03.523864+00	2025-12-26 02:40:03.523864+00	\N	9822e12c-4cf1-4bb0-bb76-896331159631	https://storage.miftech.web.id/refina-transaction-attachments/transaction_attachments_9822e12c-4cf1-4bb0-bb76-896331159631_1766716803.png	.png	1048576
e0249985-6483-4618-9315-8854133118a0	2025-12-26 02:40:04.822133+00	2025-12-26 02:40:04.822133+00	\N	01a6fce6-39af-48ca-97e3-380dcc721beb	https://storage.miftech.web.id/refina-transaction-attachments/transaction_attachments_01a6fce6-39af-48ca-97e3-380dcc721beb_1766716804.png	.png	1048576
8e9d13b8-d3e9-4811-9c57-502fe953a11d	2025-12-26 02:40:07.27653+00	2025-12-26 02:40:07.27653+00	\N	f258bcf5-b989-4638-85ef-c49c9e6e7c74	https://storage.miftech.web.id/refina-transaction-attachments/transaction_attachments_f258bcf5-b989-4638-85ef-c49c9e6e7c74_1766716807.png	.png	1048576
e6d10471-4d81-468a-b8f2-54d439f48ada	2025-12-26 02:40:07.623606+00	2025-12-26 02:40:07.623606+00	\N	67315480-04ae-4d59-ad80-b43d994feb7b	https://storage.miftech.web.id/refina-transaction-attachments/transaction_attachments_67315480-04ae-4d59-ad80-b43d994feb7b_1766716807.png	.png	1048576
4a070a6a-2d29-4649-bdbc-d52e48423b82	2025-12-26 02:40:08.521316+00	2025-12-26 02:40:08.521316+00	\N	4fa0a24e-30b7-406e-b6a7-2ee791de1f01	https://storage.miftech.web.id/refina-transaction-attachments/transaction_attachments_4fa0a24e-30b7-406e-b6a7-2ee791de1f01_1766716808.png	.png	1048576
9cbf3d40-8545-4957-8094-95d4094ba470	2025-12-26 02:40:09.709183+00	2025-12-26 02:40:09.709183+00	\N	07605195-ec6a-4b8e-9e18-49dd06069766	https://storage.miftech.web.id/refina-transaction-attachments/transaction_attachments_07605195-ec6a-4b8e-9e18-49dd06069766_1766716809.png	.png	1048576
47c57f99-1f98-40cb-985e-9c619567fc1c	2025-12-26 02:40:10.230579+00	2025-12-26 02:40:10.230579+00	\N	bf3c9b62-4d60-49a3-b58d-795f564d3e56	https://storage.miftech.web.id/refina-transaction-attachments/transaction_attachments_bf3c9b62-4d60-49a3-b58d-795f564d3e56_1766716810.png	.png	1048576
36dae7b2-5776-4bb5-b852-cc309805fda1	2025-12-26 02:40:11.232672+00	2025-12-26 02:40:11.232672+00	\N	0147f112-771f-46ee-8f90-43b183de78cb	https://storage.miftech.web.id/refina-transaction-attachments/transaction_attachments_0147f112-771f-46ee-8f90-43b183de78cb_1766716811.png	.png	1048576
3bc8ce57-c47d-4511-869c-dff4d18e59df	2025-12-26 02:40:12.525703+00	2025-12-26 02:40:12.525703+00	\N	58f9b892-d59f-4a5c-8c0b-685c66aa6c28	https://storage.miftech.web.id/refina-transaction-attachments/transaction_attachments_58f9b892-d59f-4a5c-8c0b-685c66aa6c28_1766716812.png	.png	1048576
de5fc797-4518-4657-8567-36c8f7802b9d	2025-12-26 02:40:13.484862+00	2025-12-26 02:40:13.484862+00	\N	86611147-3218-4737-9b83-9bc30483f020	https://storage.miftech.web.id/refina-transaction-attachments/transaction_attachments_86611147-3218-4737-9b83-9bc30483f020_1766716813.png	.png	1048576
b3af9857-b227-457a-a3a3-58dfd71fbc88	2025-12-26 02:40:16.17941+00	2025-12-26 02:40:16.17941+00	\N	9c8142cb-5351-412b-b153-9cbaa2bafed9	https://storage.miftech.web.id/refina-transaction-attachments/transaction_attachments_9c8142cb-5351-412b-b153-9cbaa2bafed9_1766716816.png	.png	1048576
fcd4299a-95e5-4fe1-a8af-195796232c89	2025-12-26 02:40:16.353749+00	2025-12-26 02:40:16.353749+00	\N	d2063ad8-dca0-4707-943e-828233644f6b	https://storage.miftech.web.id/refina-transaction-attachments/transaction_attachments_d2063ad8-dca0-4707-943e-828233644f6b_1766716816.png	.png	1048576
0b159651-5100-49d7-b82c-811bc93ec8dc	2025-12-26 02:40:16.44642+00	2025-12-26 02:40:16.44642+00	\N	b354a2c3-0461-48ba-8637-1697cf478512	https://storage.miftech.web.id/refina-transaction-attachments/transaction_attachments_b354a2c3-0461-48ba-8637-1697cf478512_1766716816.png	.png	1048576
8efce909-1576-4b91-8861-31dd4f7024bd	2025-12-26 02:40:18.254927+00	2025-12-26 02:40:18.254927+00	\N	16f9b0c7-b836-4d06-8e9b-f265fda63c3a	https://storage.miftech.web.id/refina-transaction-attachments/transaction_attachments_16f9b0c7-b836-4d06-8e9b-f265fda63c3a_1766716818.png	.png	1048576
c60ab121-59d7-4491-bace-666e2adf6ef8	2025-12-26 02:40:20.383253+00	2025-12-26 02:40:20.383253+00	\N	93a8f91c-a55e-4252-97ab-8ec7e73da2a3	https://storage.miftech.web.id/refina-transaction-attachments/transaction_attachments_93a8f91c-a55e-4252-97ab-8ec7e73da2a3_1766716820.png	.png	1048576
bb215617-7012-4a0a-b589-60276364403d	2025-12-26 02:40:21.62606+00	2025-12-26 02:40:21.62606+00	\N	8482ca1f-47c7-4a92-98dd-2c5fdddcf8c0	https://storage.miftech.web.id/refina-transaction-attachments/transaction_attachments_8482ca1f-47c7-4a92-98dd-2c5fdddcf8c0_1766716821.png	.png	1048576
d780d3f6-6df0-403f-af46-8038220af950	2025-12-26 02:40:24.558801+00	2025-12-26 02:40:24.558801+00	\N	31bca599-7d02-4890-b61d-3ae41e30760b	https://storage.miftech.web.id/refina-transaction-attachments/transaction_attachments_31bca599-7d02-4890-b61d-3ae41e30760b_1766716824.png	.png	1048576
b6f494f0-39a9-465c-b854-b86a0d7c2f8a	2025-12-26 02:40:24.96839+00	2025-12-26 02:40:24.96839+00	\N	382733cb-82d7-4a9f-b467-1b2053128c19	https://storage.miftech.web.id/refina-transaction-attachments/transaction_attachments_382733cb-82d7-4a9f-b467-1b2053128c19_1766716824.png	.png	1048576
f99fb4b8-7ca0-4af0-b741-720328396490	2025-12-26 02:40:25.060963+00	2025-12-26 02:40:25.060963+00	\N	bb222d51-0e55-4b5c-a8c7-6dd1c0e0a4cc	https://storage.miftech.web.id/refina-transaction-attachments/transaction_attachments_bb222d51-0e55-4b5c-a8c7-6dd1c0e0a4cc_1766716824.png	.png	1048576
33df1694-4b5a-4090-89fd-430aa15a8766	2025-12-26 02:40:25.623626+00	2025-12-26 02:40:25.623626+00	\N	bd21a447-568e-42e5-8069-1090b00d40d4	https://storage.miftech.web.id/refina-transaction-attachments/transaction_attachments_bd21a447-568e-42e5-8069-1090b00d40d4_1766716825.png	.png	1048576
5186a68f-9d09-4b15-aac3-9ddfca3505ae	2025-12-26 02:40:26.246256+00	2025-12-26 02:40:26.246256+00	\N	9062a17b-0f99-4998-a799-33b6cf3eafa9	https://storage.miftech.web.id/refina-transaction-attachments/transaction_attachments_9062a17b-0f99-4998-a799-33b6cf3eafa9_1766716826.png	.png	1048576
3afe7b27-a4c4-4432-9c90-168159a0dd0d	2025-12-26 02:40:18.365671+00	2025-12-26 02:40:18.365671+00	\N	2fbc4d8b-0b42-470f-a0e2-c5bf985b2225	https://storage.miftech.web.id/refina-transaction-attachments/transaction_attachments_2fbc4d8b-0b42-470f-a0e2-c5bf985b2225_1766716818.png	.png	1048576
b3c0c790-b329-4519-b24e-69378a4f26a4	2025-12-26 02:40:28.469287+00	2025-12-26 02:40:28.469287+00	\N	36c65b34-bca3-4aa3-bd08-3596c526cae7	https://storage.miftech.web.id/refina-transaction-attachments/transaction_attachments_36c65b34-bca3-4aa3-bd08-3596c526cae7_1766716828.png	.png	1048576
6e4c0ffb-04f9-4148-ae1b-7a3964ce1562	2025-12-26 02:40:28.572147+00	2025-12-26 02:40:28.572147+00	\N	b2fd2c9b-6d13-4aae-b1d9-159a410ef119	https://storage.miftech.web.id/refina-transaction-attachments/transaction_attachments_b2fd2c9b-6d13-4aae-b1d9-159a410ef119_1766716828.png	.png	1048576
51b27a19-b7e2-44cd-8982-cb00b365a002	2025-12-26 02:40:29.853323+00	2025-12-26 02:40:29.853323+00	\N	c002b803-5ff4-48d8-ba36-ce0f20139af9	https://storage.miftech.web.id/refina-transaction-attachments/transaction_attachments_c002b803-5ff4-48d8-ba36-ce0f20139af9_1766716829.png	.png	1048576
3ea4edc1-42a2-4ca1-983c-c111a399c84f	2025-12-26 02:40:30.353778+00	2025-12-26 02:40:30.353778+00	\N	437393d6-faf3-4387-b88b-f2cbe47ef346	https://storage.miftech.web.id/refina-transaction-attachments/transaction_attachments_437393d6-faf3-4387-b88b-f2cbe47ef346_1766716830.png	.png	1048576
26f6a424-8a8a-4947-b767-f821ec341dad	2025-12-26 02:51:55.492567+00	2025-12-26 02:51:55.492567+00	\N	fd6c256d-0c66-46df-a894-fd29d7e92841	https://storage.miftech.web.id/refina-transaction-attachments/transaction_attachments_fd6c256d-0c66-46df-a894-fd29d7e92841_1766717515.png	.png	1048576
7965783e-e278-4ea0-b1d3-5486023fc2d0	2025-12-26 02:51:57.844945+00	2025-12-26 02:51:57.844945+00	\N	1ac6998d-a2e7-49e0-a169-a722f379c964	https://storage.miftech.web.id/refina-transaction-attachments/transaction_attachments_1ac6998d-a2e7-49e0-a169-a722f379c964_1766717517.png	.png	1048576
d7cf4d73-dc3e-43af-8875-ba1bfe192f59	2025-12-26 02:51:59.848988+00	2025-12-26 02:51:59.848988+00	\N	acde83cc-2066-4dc5-b233-a3ccd87a28ea	https://storage.miftech.web.id/refina-transaction-attachments/transaction_attachments_acde83cc-2066-4dc5-b233-a3ccd87a28ea_1766717519.png	.png	1048576
a8db5888-604f-4164-804f-cfb010441067	2025-12-26 02:52:02.814656+00	2025-12-26 02:52:02.814656+00	\N	3fa3e442-6698-4c4a-bb1e-cccf7033f2c1	https://storage.miftech.web.id/refina-transaction-attachments/transaction_attachments_3fa3e442-6698-4c4a-bb1e-cccf7033f2c1_1766717522.png	.png	1048576
705728e2-a601-47aa-bc4f-0c4fac764a5a	2025-12-26 02:52:04.542795+00	2025-12-26 02:52:04.542795+00	\N	4d0f73e1-0d0c-4b2c-9324-88902fa9893d	https://storage.miftech.web.id/refina-transaction-attachments/transaction_attachments_4d0f73e1-0d0c-4b2c-9324-88902fa9893d_1766717524.png	.png	1048576
075eb182-6cdb-41e6-ad75-4fe0884608ac	2025-12-26 02:52:07.068204+00	2025-12-26 02:52:07.068204+00	\N	50a79e7b-4a0c-4492-9536-34b7b01de19e	https://storage.miftech.web.id/refina-transaction-attachments/transaction_attachments_50a79e7b-4a0c-4492-9536-34b7b01de19e_1766717526.png	.png	1048576
4726d0bd-72b7-4bd2-893b-471013fa3aaa	2025-12-26 02:52:09.372798+00	2025-12-26 02:52:09.372798+00	\N	3f9ac012-0efc-4dda-a0de-44b78ffc7e5c	https://storage.miftech.web.id/refina-transaction-attachments/transaction_attachments_3f9ac012-0efc-4dda-a0de-44b78ffc7e5c_1766717529.png	.png	1048576
93118cfb-2201-4a05-b0b7-57f31a04acd1	2025-12-26 02:52:10.134967+00	2025-12-26 02:52:10.134967+00	\N	9309d28f-08b2-40cb-8181-3e8824b23689	https://storage.miftech.web.id/refina-transaction-attachments/transaction_attachments_9309d28f-08b2-40cb-8181-3e8824b23689_1766717530.png	.png	1048576
69b98c9b-f85a-4031-b648-35a8c794af9c	2025-12-26 02:52:12.223047+00	2025-12-26 02:52:12.223047+00	\N	cc134cff-b05b-4e26-819e-5056115019fe	https://storage.miftech.web.id/refina-transaction-attachments/transaction_attachments_cc134cff-b05b-4e26-819e-5056115019fe_1766717532.png	.png	1048576
bd4c63f2-a2d6-47d4-bf65-c05e2787964c	2025-12-26 02:52:12.624195+00	2025-12-26 02:52:12.624195+00	\N	0fb61ed2-4cd8-4eee-a194-f5766ae1789b	https://storage.miftech.web.id/refina-transaction-attachments/transaction_attachments_0fb61ed2-4cd8-4eee-a194-f5766ae1789b_1766717532.png	.png	1048576
586aeb11-5b44-4f1a-b93e-b6f8cf2e7496	2025-12-26 02:52:14.919286+00	2025-12-26 02:52:14.919286+00	\N	20111dc1-241e-40c2-b204-e2d5c85f30aa	https://storage.miftech.web.id/refina-transaction-attachments/transaction_attachments_20111dc1-241e-40c2-b204-e2d5c85f30aa_1766717534.png	.png	1048576
09974b18-def4-4816-99d1-8e73f09dbec8	2025-12-26 02:52:15.53555+00	2025-12-26 02:52:15.53555+00	\N	29b72c5c-4f31-426c-9497-6035bddca94e	https://storage.miftech.web.id/refina-transaction-attachments/transaction_attachments_29b72c5c-4f31-426c-9497-6035bddca94e_1766717535.png	.png	1048576
8ea13b5a-55b9-4f0c-a16a-4539d035a9d5	2025-12-26 02:52:17.320828+00	2025-12-26 02:52:17.320828+00	\N	125f7e5f-3e1c-4f02-ac0b-2b2009f56da5	https://storage.miftech.web.id/refina-transaction-attachments/transaction_attachments_125f7e5f-3e1c-4f02-ac0b-2b2009f56da5_1766717537.png	.png	1048576
2edb7cc1-9057-46a9-b06e-d9f2a947d255	2025-12-26 02:52:17.817152+00	2025-12-26 02:52:17.817152+00	\N	299a9eaf-b7a7-47d7-ada9-390f7718095c	https://storage.miftech.web.id/refina-transaction-attachments/transaction_attachments_299a9eaf-b7a7-47d7-ada9-390f7718095c_1766717537.png	.png	1048576
d9bf80bb-4294-48d1-a298-93bc07733960	2025-12-26 02:52:19.679609+00	2025-12-26 02:52:19.679609+00	\N	9819db35-0c16-4794-b025-d6cc624766dd	https://storage.miftech.web.id/refina-transaction-attachments/transaction_attachments_9819db35-0c16-4794-b025-d6cc624766dd_1766717539.png	.png	1048576
d688d83e-79af-41f3-9819-b1a5b1bf232d	2025-12-26 02:52:20.603078+00	2025-12-26 02:52:20.603078+00	\N	15d79929-59a8-4687-ac3a-622b49505810	https://storage.miftech.web.id/refina-transaction-attachments/transaction_attachments_15d79929-59a8-4687-ac3a-622b49505810_1766717540.png	.png	1048576
5333f96c-c85f-408c-b021-28372e3fe18e	2025-12-26 02:52:21.558446+00	2025-12-26 02:52:21.558446+00	\N	d13efc33-e200-401a-b362-6c7a8f685686	https://storage.miftech.web.id/refina-transaction-attachments/transaction_attachments_d13efc33-e200-401a-b362-6c7a8f685686_1766717541.png	.png	1048576
fa25fbeb-363d-43ee-bcf9-4c41cab4d2bf	2025-12-26 02:52:22.376094+00	2025-12-26 02:52:22.376094+00	\N	34adc591-e89a-4f72-9996-eef54a70eec5	https://storage.miftech.web.id/refina-transaction-attachments/transaction_attachments_34adc591-e89a-4f72-9996-eef54a70eec5_1766717542.png	.png	1048576
3771130c-dca9-4ef0-a067-b32ee41f1138	2025-12-26 02:52:23.223213+00	2025-12-26 02:52:23.223213+00	\N	d1863c34-d8fc-44be-8775-9bb6cfa971cb	https://storage.miftech.web.id/refina-transaction-attachments/transaction_attachments_d1863c34-d8fc-44be-8775-9bb6cfa971cb_1766717543.png	.png	1048576
a2d69fc3-881b-4b0d-9a6b-c808e3a34d32	2025-12-26 02:52:24.581399+00	2025-12-26 02:52:24.581399+00	\N	be417c25-6b35-4961-be7b-e33d8856411f	https://storage.miftech.web.id/refina-transaction-attachments/transaction_attachments_be417c25-6b35-4961-be7b-e33d8856411f_1766717544.png	.png	1048576
01c67047-0b4f-45d6-9c42-bd1497cf4bfc	2025-12-26 02:52:25.90701+00	2025-12-26 02:52:25.90701+00	\N	0dbe7867-9108-4f75-8b2f-e3e0e184d90d	https://storage.miftech.web.id/refina-transaction-attachments/transaction_attachments_0dbe7867-9108-4f75-8b2f-e3e0e184d90d_1766717545.png	.png	1048576
220bed11-3358-4691-bed4-c94e8cbcc34c	2025-12-26 02:52:27.223293+00	2025-12-26 02:52:27.223293+00	\N	038b05eb-8527-4bed-ad2a-3c475edee247	https://storage.miftech.web.id/refina-transaction-attachments/transaction_attachments_038b05eb-8527-4bed-ad2a-3c475edee247_1766717547.png	.png	1048576
23986621-4cc8-43a0-bcca-472ff0a057d8	2025-12-26 02:52:27.529028+00	2025-12-26 02:52:27.529028+00	\N	822e0f8e-4cd3-447c-8dd7-bda47f822876	https://storage.miftech.web.id/refina-transaction-attachments/transaction_attachments_822e0f8e-4cd3-447c-8dd7-bda47f822876_1766717547.png	.png	1048576
85bedfa5-ab4d-4bea-94a2-38451c0506bd	2025-12-26 02:52:29.502786+00	2025-12-26 02:52:29.502786+00	\N	99cfbed6-61a9-4423-9fae-eabb4cc03593	https://storage.miftech.web.id/refina-transaction-attachments/transaction_attachments_99cfbed6-61a9-4423-9fae-eabb4cc03593_1766717549.png	.png	1048576
d1d39082-3b00-497e-9ae3-70197e37cd12	2025-12-26 02:52:30.664244+00	2025-12-26 02:52:30.664244+00	\N	91df1262-4349-48b2-8c2e-29e2849e090a	https://storage.miftech.web.id/refina-transaction-attachments/transaction_attachments_91df1262-4349-48b2-8c2e-29e2849e090a_1766717550.png	.png	1048576
a56a76a0-7875-4ac0-86ec-92b3ba773815	2025-12-26 02:52:31.492914+00	2025-12-26 02:52:31.492914+00	\N	bdf85e4d-2ec7-4676-b87c-67c6c3e78eac	https://storage.miftech.web.id/refina-transaction-attachments/transaction_attachments_bdf85e4d-2ec7-4676-b87c-67c6c3e78eac_1766717551.png	.png	1048576
7f4203b6-c74c-4102-917f-19d53d5cea3a	2025-12-26 02:52:33.006204+00	2025-12-26 02:52:33.006204+00	\N	279db506-ffcc-4e08-8a03-8a4b163d0901	https://storage.miftech.web.id/refina-transaction-attachments/transaction_attachments_279db506-ffcc-4e08-8a03-8a4b163d0901_1766717552.png	.png	1048576
85ac7491-e02f-4180-b52c-0005002142b7	2025-12-26 02:52:33.293902+00	2025-12-26 02:52:33.293902+00	\N	127ee699-12d1-4684-8e9c-2da6217669df	https://storage.miftech.web.id/refina-transaction-attachments/transaction_attachments_127ee699-12d1-4684-8e9c-2da6217669df_1766717553.png	.png	1048576
9997f834-d9f1-478e-86fa-c26049a597c3	2025-12-26 02:52:34.607014+00	2025-12-26 02:52:34.607014+00	\N	abb9ce24-57f0-4e30-af71-d8369145c802	https://storage.miftech.web.id/refina-transaction-attachments/transaction_attachments_abb9ce24-57f0-4e30-af71-d8369145c802_1766717554.png	.png	1048576
c1a76f6b-d505-49b6-9d9f-16a72916ced6	2025-12-26 02:52:35.955101+00	2025-12-26 02:52:35.955101+00	\N	ce36cf59-5b7a-48a3-bcb1-fbc571cc497e	https://storage.miftech.web.id/refina-transaction-attachments/transaction_attachments_ce36cf59-5b7a-48a3-bcb1-fbc571cc497e_1766717555.png	.png	1048576
d5308650-172e-4709-9bf1-5ec56a84139e	2025-12-26 02:52:36.53187+00	2025-12-26 02:52:36.53187+00	\N	2423a701-7206-4338-ba1a-32b976a32b77	https://storage.miftech.web.id/refina-transaction-attachments/transaction_attachments_2423a701-7206-4338-ba1a-32b976a32b77_1766717556.png	.png	1048576
7a06cd55-bc9d-45f9-97dd-05987205a936	2025-12-26 02:52:37.908252+00	2025-12-26 02:52:37.908252+00	\N	2447b595-3280-4418-a5b1-abeb6076775d	https://storage.miftech.web.id/refina-transaction-attachments/transaction_attachments_2447b595-3280-4418-a5b1-abeb6076775d_1766717557.png	.png	1048576
2ca57523-5f6c-4772-93dc-6c70df2e704e	2025-12-26 02:52:39.686666+00	2025-12-26 02:52:39.686666+00	\N	bd2a1234-b796-4fcf-9047-a2a6af1a6090	https://storage.miftech.web.id/refina-transaction-attachments/transaction_attachments_bd2a1234-b796-4fcf-9047-a2a6af1a6090_1766717559.png	.png	1048576
4a35e565-097d-46ae-8b49-fec194f5c6c5	2025-12-26 02:52:40.222391+00	2025-12-26 02:52:40.222391+00	\N	5647da74-5b96-41e0-870c-35a8ad5b494f	https://storage.miftech.web.id/refina-transaction-attachments/transaction_attachments_5647da74-5b96-41e0-870c-35a8ad5b494f_1766717560.png	.png	1048576
d30b7c57-3fc6-4681-b2ce-70045cdfcace	2025-12-26 02:52:41.026815+00	2025-12-26 02:52:41.026815+00	\N	667604ca-d319-418d-8019-b221ce1efff2	https://storage.miftech.web.id/refina-transaction-attachments/transaction_attachments_667604ca-d319-418d-8019-b221ce1efff2_1766717560.png	.png	1048576
9c368dae-9caf-4cc4-9823-df44f096c213	2025-12-26 02:52:42.011145+00	2025-12-26 02:52:42.011145+00	\N	76139c30-3d25-4928-a6da-2095596b5ef8	https://storage.miftech.web.id/refina-transaction-attachments/transaction_attachments_76139c30-3d25-4928-a6da-2095596b5ef8_1766717561.png	.png	1048576
dff796b1-7954-4aec-a48f-4aea8f6422e2	2025-12-26 02:52:43.781107+00	2025-12-26 02:52:43.781107+00	\N	edb8572c-346b-4b9d-acb0-4caf88db1c40	https://storage.miftech.web.id/refina-transaction-attachments/transaction_attachments_edb8572c-346b-4b9d-acb0-4caf88db1c40_1766717563.png	.png	1048576
9a8d8ea4-6aae-4e96-b549-a0ece9a1eda3	2025-12-26 02:52:44.828079+00	2025-12-26 02:52:44.828079+00	\N	a7008f06-fe71-4098-847f-c298eefd5a76	https://storage.miftech.web.id/refina-transaction-attachments/transaction_attachments_a7008f06-fe71-4098-847f-c298eefd5a76_1766717564.png	.png	1048576
4465cc4e-0a4e-4cf8-921e-ff35c30b1a73	2025-12-26 02:52:45.23474+00	2025-12-26 02:52:45.23474+00	\N	ece32837-f6f7-4672-9012-c3700926b34b	https://storage.miftech.web.id/refina-transaction-attachments/transaction_attachments_ece32837-f6f7-4672-9012-c3700926b34b_1766717565.png	.png	1048576
bfcfd1fe-0a2a-40e6-9424-5e728808705b	2025-12-26 02:52:46.336517+00	2025-12-26 02:52:46.336517+00	\N	1a64522a-49a5-453b-9871-64ac2088f8f2	https://storage.miftech.web.id/refina-transaction-attachments/transaction_attachments_1a64522a-49a5-453b-9871-64ac2088f8f2_1766717566.png	.png	1048576
c215a409-682c-4c34-956d-1630b3012736	2025-12-26 02:52:47.854888+00	2025-12-26 02:52:47.854888+00	\N	987f4bd9-a735-48a1-87dc-ba3fd26414bf	https://storage.miftech.web.id/refina-transaction-attachments/transaction_attachments_987f4bd9-a735-48a1-87dc-ba3fd26414bf_1766717567.png	.png	1048576
f466d19a-fa1a-4598-9453-29dfcdf26d4d	2025-12-26 02:52:49.316389+00	2025-12-26 02:52:49.316389+00	\N	7fdb1afc-e12a-497f-bfbe-03c394457678	https://storage.miftech.web.id/refina-transaction-attachments/transaction_attachments_7fdb1afc-e12a-497f-bfbe-03c394457678_1766717569.png	.png	1048576
16ff6989-16a4-4697-b013-5991491d3353	2025-12-26 02:52:50.044869+00	2025-12-26 02:52:50.044869+00	\N	44363629-877b-40fb-b307-d72393f585cb	https://storage.miftech.web.id/refina-transaction-attachments/transaction_attachments_44363629-877b-40fb-b307-d72393f585cb_1766717569.png	.png	1048576
ad1ef338-a990-4fac-91b9-ea383fa64faa	2025-12-26 02:52:50.706432+00	2025-12-26 02:52:50.706432+00	\N	d0c7685c-0fdb-4c5b-8cbd-ef7e5f5f637a	https://storage.miftech.web.id/refina-transaction-attachments/transaction_attachments_d0c7685c-0fdb-4c5b-8cbd-ef7e5f5f637a_1766717570.png	.png	1048576
289de404-045b-46f4-8eaf-7c278e80bc1d	2025-12-26 02:52:52.11881+00	2025-12-26 02:52:52.11881+00	\N	0f1f633b-42bb-48fe-a8b9-63df4a1f00ce	https://storage.miftech.web.id/refina-transaction-attachments/transaction_attachments_0f1f633b-42bb-48fe-a8b9-63df4a1f00ce_1766717572.png	.png	1048576
1dffd258-f460-4a08-a973-4cc53f7583b4	2025-12-26 02:52:55.3249+00	2025-12-26 02:52:55.3249+00	\N	fb4b053d-0896-41f1-a447-194b45296382	https://storage.miftech.web.id/refina-transaction-attachments/transaction_attachments_fb4b053d-0896-41f1-a447-194b45296382_1766717575.png	.png	1048576
41b614e6-9ec6-40f9-bd6f-48f1389e91ec	2025-12-26 02:52:55.458995+00	2025-12-26 02:52:55.458995+00	\N	12fc8bef-68b2-4b83-a1f7-c9e475719942	https://storage.miftech.web.id/refina-transaction-attachments/transaction_attachments_12fc8bef-68b2-4b83-a1f7-c9e475719942_1766717575.png	.png	1048576
50ef5f5d-12d9-453c-b4ca-5505d90f3ba9	2025-12-26 02:52:56.734933+00	2025-12-26 02:52:56.734933+00	\N	19546c07-81cf-4356-bc68-9e22135c802e	https://storage.miftech.web.id/refina-transaction-attachments/transaction_attachments_19546c07-81cf-4356-bc68-9e22135c802e_1766717576.png	.png	1048576
822c9235-571b-4287-8c47-3892d40dec29	2025-12-26 02:52:57.530432+00	2025-12-26 02:52:57.530432+00	\N	41d411a5-1273-4500-afd1-4eba9abed96b	https://storage.miftech.web.id/refina-transaction-attachments/transaction_attachments_41d411a5-1273-4500-afd1-4eba9abed96b_1766717577.png	.png	1048576
6402398c-e79e-49bb-92c3-561fbca9316e	2025-12-26 02:52:58.195965+00	2025-12-26 02:52:58.195965+00	\N	7442ceb7-1ca8-4bd4-b989-81827f592933	https://storage.miftech.web.id/refina-transaction-attachments/transaction_attachments_7442ceb7-1ca8-4bd4-b989-81827f592933_1766717578.png	.png	1048576
0e7dd41f-1c3f-4960-a46f-53bb71c668dd	2025-12-26 02:52:59.795483+00	2025-12-26 02:52:59.795483+00	\N	73fbf2f7-641d-4646-98f4-2a5a89495c58	https://storage.miftech.web.id/refina-transaction-attachments/transaction_attachments_73fbf2f7-641d-4646-98f4-2a5a89495c58_1766717579.png	.png	1048576
3f88a207-bbac-4b52-9cc2-58f0e685ab96	2025-12-26 02:53:01.653904+00	2025-12-26 02:53:01.653904+00	\N	5df63adf-1498-487e-a9a1-bc08bc6b0342	https://storage.miftech.web.id/refina-transaction-attachments/transaction_attachments_5df63adf-1498-487e-a9a1-bc08bc6b0342_1766717581.png	.png	1048576
89464c75-d8e9-4652-ae7a-42536a271d87	2025-12-26 02:53:03.244514+00	2025-12-26 02:53:03.244514+00	\N	72fe750c-97f9-4122-9b0e-2f4b7e2c170d	https://storage.miftech.web.id/refina-transaction-attachments/transaction_attachments_72fe750c-97f9-4122-9b0e-2f4b7e2c170d_1766717583.png	.png	1048576
85c81d8a-01c7-49c0-bd7c-57e63782411f	2025-12-26 02:53:03.680059+00	2025-12-26 02:53:03.680059+00	\N	1131faf8-3925-45d2-9aa0-581897567709	https://storage.miftech.web.id/refina-transaction-attachments/transaction_attachments_1131faf8-3925-45d2-9aa0-581897567709_1766717583.png	.png	1048576
3a62f076-0a71-47e2-b499-b3a43e34256e	2025-12-26 02:53:03.911604+00	2025-12-26 02:53:03.911604+00	\N	41899574-e193-43a3-8895-1cdabb948884	https://storage.miftech.web.id/refina-transaction-attachments/transaction_attachments_41899574-e193-43a3-8895-1cdabb948884_1766717583.png	.png	1048576
e42c4ad0-3d34-49b8-92f4-3a5d6f7c0df5	2025-12-26 02:53:05.649077+00	2025-12-26 02:53:05.649077+00	\N	fe809227-e5c3-4157-9284-bc855ef348a8	https://storage.miftech.web.id/refina-transaction-attachments/transaction_attachments_fe809227-e5c3-4157-9284-bc855ef348a8_1766717585.png	.png	1048576
d00fb05a-c39b-4816-8b00-3ced72f1c4f8	2025-12-26 02:53:05.951249+00	2025-12-26 02:53:05.951249+00	\N	ef5ac230-bc06-44f6-90a2-ec3b5036b241	https://storage.miftech.web.id/refina-transaction-attachments/transaction_attachments_ef5ac230-bc06-44f6-90a2-ec3b5036b241_1766717585.png	.png	1048576
0a1bbe28-f77d-4013-99ee-2ff83b1c247f	2025-12-26 02:53:08.530463+00	2025-12-26 02:53:08.530463+00	\N	ccecf1e4-a4c5-490a-984a-6568915cf733	https://storage.miftech.web.id/refina-transaction-attachments/transaction_attachments_ccecf1e4-a4c5-490a-984a-6568915cf733_1766717588.png	.png	1048576
19c84aac-b9d2-4623-b27c-75c2a9057a86	2025-12-26 02:53:09.956839+00	2025-12-26 02:53:09.956839+00	\N	f2321b7a-3042-40c9-9f79-344f16d56d49	https://storage.miftech.web.id/refina-transaction-attachments/transaction_attachments_f2321b7a-3042-40c9-9f79-344f16d56d49_1766717589.png	.png	1048576
70431a5e-f414-4036-b69b-21d6e71da727	2025-12-26 02:52:56.957359+00	2025-12-26 02:52:56.957359+00	\N	ed9a7de4-cab7-40c8-acfb-69ac6a0c5e57	https://storage.miftech.web.id/refina-transaction-attachments/transaction_attachments_ed9a7de4-cab7-40c8-acfb-69ac6a0c5e57_1766717576.png	.png	1048576
58043aa6-5bf3-4dcc-8b96-62527c2045cb	2025-12-26 02:53:10.843459+00	2025-12-26 02:53:10.843459+00	\N	3539ab44-8255-4352-9e1d-894b2d83d05d	https://storage.miftech.web.id/refina-transaction-attachments/transaction_attachments_3539ab44-8255-4352-9e1d-894b2d83d05d_1766717590.png	.png	1048576
365c9ae1-746b-438c-ab57-c5676dc5f82f	2025-12-26 02:53:10.942453+00	2025-12-26 02:53:10.942453+00	\N	c0bb0a27-e8f5-4ad0-b13e-2c7919b24eef	https://storage.miftech.web.id/refina-transaction-attachments/transaction_attachments_c0bb0a27-e8f5-4ad0-b13e-2c7919b24eef_1766717590.png	.png	1048576
bc711782-08b5-4d67-af29-983a87c8c0d3	2025-12-26 02:53:11.638194+00	2025-12-26 02:53:11.638194+00	\N	95f57d71-d825-45be-88b6-59d2de7e7619	https://storage.miftech.web.id/refina-transaction-attachments/transaction_attachments_95f57d71-d825-45be-88b6-59d2de7e7619_1766717591.png	.png	1048576
a57c45a0-6ed8-499b-8b62-3f656f01d459	2025-12-26 02:53:13.022363+00	2025-12-26 02:53:13.022363+00	\N	5295f75d-e4fe-4c47-afb4-3f7230b3512e	https://storage.miftech.web.id/refina-transaction-attachments/transaction_attachments_5295f75d-e4fe-4c47-afb4-3f7230b3512e_1766717592.png	.png	1048576
c9ddf3b1-1a57-4dda-a14d-04337378f8b0	2025-12-26 02:53:14.044+00	2025-12-26 02:53:14.044+00	\N	0ed64b07-3b53-4db6-b276-a8c29da05170	https://storage.miftech.web.id/refina-transaction-attachments/transaction_attachments_0ed64b07-3b53-4db6-b276-a8c29da05170_1766717593.png	.png	1048576
b4ecd9c0-5da0-4557-b394-91e06050c3dd	2025-12-26 02:53:16.048244+00	2025-12-26 02:53:16.048244+00	\N	51510351-b77a-4c40-805d-15113679e990	https://storage.miftech.web.id/refina-transaction-attachments/transaction_attachments_51510351-b77a-4c40-805d-15113679e990_1766717595.png	.png	1048576
e5c387b4-dc08-4e6b-b87c-28444b3fcb59	2025-12-26 02:53:16.560451+00	2025-12-26 02:53:16.560451+00	\N	cad2a9f0-dc8a-48b8-a9bf-43b63b23ed2c	https://storage.miftech.web.id/refina-transaction-attachments/transaction_attachments_cad2a9f0-dc8a-48b8-a9bf-43b63b23ed2c_1766717596.png	.png	1048576
0fd8a481-02e8-481d-9cfb-20232e94a2ed	2025-12-26 02:53:17.05948+00	2025-12-26 02:53:17.05948+00	\N	aa608df1-72a3-452c-8f41-6c38b20173d3	https://storage.miftech.web.id/refina-transaction-attachments/transaction_attachments_aa608df1-72a3-452c-8f41-6c38b20173d3_1766717596.png	.png	1048576
42619f66-4a63-41ec-8c41-1b6c7508c618	2025-12-26 02:53:18.306674+00	2025-12-26 02:53:18.306674+00	\N	ad69457f-e666-4c75-a929-646a2ae14327	https://storage.miftech.web.id/refina-transaction-attachments/transaction_attachments_ad69457f-e666-4c75-a929-646a2ae14327_1766717598.png	.png	1048576
75dd9f89-548e-4b01-8a20-4eafd8deff5b	2025-12-26 02:53:18.752561+00	2025-12-26 02:53:18.752561+00	\N	731a39bc-2a81-44c3-bb6c-44c860b3cbe0	https://storage.miftech.web.id/refina-transaction-attachments/transaction_attachments_731a39bc-2a81-44c3-bb6c-44c860b3cbe0_1766717598.png	.png	1048576
0fcbf0f9-f95b-40ce-8690-f880ffd1894b	2025-12-26 02:53:21.471811+00	2025-12-26 02:53:21.471811+00	\N	de92e9f2-7522-4cf3-99c8-2b4e70bccfe3	https://storage.miftech.web.id/refina-transaction-attachments/transaction_attachments_de92e9f2-7522-4cf3-99c8-2b4e70bccfe3_1766717601.png	.png	1048576
b4c6fcaa-7a1f-4f26-bfbf-5687e0b7225c	2025-12-26 02:53:22.913284+00	2025-12-26 02:53:22.913284+00	\N	f3b0cac9-bb7a-4b11-8c4a-e468d0ef1668	https://storage.miftech.web.id/refina-transaction-attachments/transaction_attachments_f3b0cac9-bb7a-4b11-8c4a-e468d0ef1668_1766717602.png	.png	1048576
a81c978c-254c-4fc9-8ddd-d25561934515	2025-12-26 02:53:23.652761+00	2025-12-26 02:53:23.652761+00	\N	0755b252-e1b9-416f-b3d7-a0d0f6fa36c2	https://storage.miftech.web.id/refina-transaction-attachments/transaction_attachments_0755b252-e1b9-416f-b3d7-a0d0f6fa36c2_1766717603.png	.png	1048576
1e589894-acdb-4716-b269-2f6f7defda16	2025-12-26 02:53:23.833209+00	2025-12-26 02:53:23.833209+00	\N	d70a5ae2-28fd-41ea-9eb2-7ac89d724f78	https://storage.miftech.web.id/refina-transaction-attachments/transaction_attachments_d70a5ae2-28fd-41ea-9eb2-7ac89d724f78_1766717603.png	.png	1048576
1f3b2855-dae0-45d4-834a-37e8132e873f	2025-12-26 02:53:24.619435+00	2025-12-26 02:53:24.619435+00	\N	b7bdd63d-be71-4cb8-a5c0-71f60070e16b	https://storage.miftech.web.id/refina-transaction-attachments/transaction_attachments_b7bdd63d-be71-4cb8-a5c0-71f60070e16b_1766717604.png	.png	1048576
54a8506e-4a07-4b8b-a719-c9bff0e18179	2025-12-26 02:53:27.335495+00	2025-12-26 02:53:27.335495+00	\N	d38fb898-f0f0-4553-b81a-60676386d88a	https://storage.miftech.web.id/refina-transaction-attachments/transaction_attachments_d38fb898-f0f0-4553-b81a-60676386d88a_1766717607.png	.png	1048576
d5c5712e-65ab-49cc-a28f-63bcd4d13f67	2025-12-26 02:53:27.786945+00	2025-12-26 02:53:27.786945+00	\N	425563e0-a762-40b3-839e-953472e7e9c9	https://storage.miftech.web.id/refina-transaction-attachments/transaction_attachments_425563e0-a762-40b3-839e-953472e7e9c9_1766717607.png	.png	1048576
39d094e1-b98f-4e6f-ac85-c53c1daf7ecf	2025-12-26 02:53:28.033783+00	2025-12-26 02:53:28.033783+00	\N	7973514d-d5d1-42c5-9576-000472f887b1	https://storage.miftech.web.id/refina-transaction-attachments/transaction_attachments_7973514d-d5d1-42c5-9576-000472f887b1_1766717607.png	.png	1048576
a769cd64-4b50-4c3c-9395-6667f39b9e36	2025-12-26 02:53:29.342051+00	2025-12-26 02:53:29.342051+00	\N	136eabcc-5dbd-4a8d-88df-efaf252b469a	https://storage.miftech.web.id/refina-transaction-attachments/transaction_attachments_136eabcc-5dbd-4a8d-88df-efaf252b469a_1766717609.png	.png	1048576
c4bbdd8e-c0ee-471e-89a9-cdf65057c643	2025-12-26 02:53:30.312723+00	2025-12-26 02:53:30.312723+00	\N	65f676bf-cf09-4e81-be52-7b9b480f948a	https://storage.miftech.web.id/refina-transaction-attachments/transaction_attachments_65f676bf-cf09-4e81-be52-7b9b480f948a_1766717610.png	.png	1048576
74c64c27-a74e-4d62-b1c9-bd6f8b602463	2025-12-26 02:53:31.78902+00	2025-12-26 02:53:31.78902+00	\N	38d9f427-40e5-4ffd-a691-4e29d3c90422	https://storage.miftech.web.id/refina-transaction-attachments/transaction_attachments_38d9f427-40e5-4ffd-a691-4e29d3c90422_1766717611.png	.png	1048576
9ba7265c-60f7-471f-b1d4-f14e78cf2d12	2025-12-26 02:53:32.167738+00	2025-12-26 02:53:32.167738+00	\N	5a482c25-c0a9-460c-b9f3-996802fcb293	https://storage.miftech.web.id/refina-transaction-attachments/transaction_attachments_5a482c25-c0a9-460c-b9f3-996802fcb293_1766717612.png	.png	1048576
ea301529-36e6-4b04-b846-7cb92fd24708	2025-12-26 02:53:33.29075+00	2025-12-26 02:53:33.29075+00	\N	7cae031f-f0bb-47af-9d06-08f6497aa59c	https://storage.miftech.web.id/refina-transaction-attachments/transaction_attachments_7cae031f-f0bb-47af-9d06-08f6497aa59c_1766717613.png	.png	1048576
db327710-bf8d-42d3-84b6-4d3e39c3b696	2025-12-26 02:53:34.191617+00	2025-12-26 02:53:34.191617+00	\N	74a5f95e-88fb-4e50-8919-cf5ba82ee75e	https://storage.miftech.web.id/refina-transaction-attachments/transaction_attachments_74a5f95e-88fb-4e50-8919-cf5ba82ee75e_1766717614.png	.png	1048576
14c3e11f-d1a5-4a1f-ab58-599820b13b17	2025-12-26 02:53:36.426675+00	2025-12-26 02:53:36.426675+00	\N	c0faca2c-3496-4086-914c-37f07fe70f3d	https://storage.miftech.web.id/refina-transaction-attachments/transaction_attachments_c0faca2c-3496-4086-914c-37f07fe70f3d_1766717616.png	.png	1048576
0396b82a-40dc-4662-8bae-78d86c6c2bf1	2025-12-26 02:53:38.182447+00	2025-12-26 02:53:38.182447+00	\N	638c51bf-9486-4bb3-b21b-fb9dc65003b2	https://storage.miftech.web.id/refina-transaction-attachments/transaction_attachments_638c51bf-9486-4bb3-b21b-fb9dc65003b2_1766717617.png	.png	1048576
10633484-5fe2-4a7d-b75a-c4ecc57a2fae	2025-12-26 02:53:38.333681+00	2025-12-26 02:53:38.333681+00	\N	0d2a34cb-569a-481e-ba3d-9321cc4f28ac	https://storage.miftech.web.id/refina-transaction-attachments/transaction_attachments_0d2a34cb-569a-481e-ba3d-9321cc4f28ac_1766717618.png	.png	1048576
40883fc0-46f1-4b5a-88f2-f9f1798f11e6	2025-12-26 02:53:39.30996+00	2025-12-26 02:53:39.30996+00	\N	b0aba8de-9982-4d40-a56f-d5b47b137424	https://storage.miftech.web.id/refina-transaction-attachments/transaction_attachments_b0aba8de-9982-4d40-a56f-d5b47b137424_1766717619.png	.png	1048576
01ddf706-d35c-4015-8ec1-e04b9619888c	2025-12-26 02:53:39.798004+00	2025-12-26 02:53:39.798004+00	\N	92a827d1-7147-42d0-9368-8f785f35e4c4	https://storage.miftech.web.id/refina-transaction-attachments/transaction_attachments_92a827d1-7147-42d0-9368-8f785f35e4c4_1766717619.png	.png	1048576
6fd60409-1d26-454b-89e0-89ba68ba3361	2025-12-26 02:53:41.152416+00	2025-12-26 02:53:41.152416+00	\N	a14dfce1-4094-4a23-a70f-480ea9824636	https://storage.miftech.web.id/refina-transaction-attachments/transaction_attachments_a14dfce1-4094-4a23-a70f-480ea9824636_1766717621.png	.png	1048576
fc89a3d3-5946-4cbb-89fe-79a1655d3e45	2025-12-26 02:53:43.050079+00	2025-12-26 02:53:43.050079+00	\N	d1a605ea-61a1-46e6-a484-0fd18b093561	https://storage.miftech.web.id/refina-transaction-attachments/transaction_attachments_d1a605ea-61a1-46e6-a484-0fd18b093561_1766717622.png	.png	1048576
08669814-6172-4cae-bf49-e22ceab89644	2025-12-26 02:53:43.664896+00	2025-12-26 02:53:43.664896+00	\N	cefa7313-bc51-4855-b82c-edd30ad68b8d	https://storage.miftech.web.id/refina-transaction-attachments/transaction_attachments_cefa7313-bc51-4855-b82c-edd30ad68b8d_1766717623.png	.png	1048576
7a6fe2dd-6b5e-4bca-aee1-28a9b9eaff78	2025-12-26 02:53:45.115073+00	2025-12-26 02:53:45.115073+00	\N	c8d9e069-9cd9-4b40-8988-03ea94bab0b9	https://storage.miftech.web.id/refina-transaction-attachments/transaction_attachments_c8d9e069-9cd9-4b40-8988-03ea94bab0b9_1766717625.png	.png	1048576
ea6239cb-d562-40cf-a322-1b0f51322a5e	2025-12-26 02:53:46.175834+00	2025-12-26 02:53:46.175834+00	\N	29134e5a-43f0-49ce-84e8-d76b13b1ca7b	https://storage.miftech.web.id/refina-transaction-attachments/transaction_attachments_29134e5a-43f0-49ce-84e8-d76b13b1ca7b_1766717626.png	.png	1048576
4ee51291-b8f2-46b7-9adf-fca0cbcb727d	2025-12-26 02:53:47.139157+00	2025-12-26 02:53:47.139157+00	\N	71bdb7e3-16ad-4512-bb35-3eb3faa8d3b4	https://storage.miftech.web.id/refina-transaction-attachments/transaction_attachments_71bdb7e3-16ad-4512-bb35-3eb3faa8d3b4_1766717626.png	.png	1048576
b7335595-0578-4d0d-b105-ebd0c348300a	2025-12-26 02:53:47.695771+00	2025-12-26 02:53:47.695771+00	\N	c9e174a6-a331-4c79-a42c-be825d1b1306	https://storage.miftech.web.id/refina-transaction-attachments/transaction_attachments_c9e174a6-a331-4c79-a42c-be825d1b1306_1766717627.png	.png	1048576
ec683bee-e216-4abe-bc77-25f8cc923d04	2025-12-26 02:53:48.125029+00	2025-12-26 02:53:48.125029+00	\N	725f3195-3049-48bf-bfb0-a53a15c92915	https://storage.miftech.web.id/refina-transaction-attachments/transaction_attachments_725f3195-3049-48bf-bfb0-a53a15c92915_1766717628.png	.png	1048576
0ef96034-08e8-42e6-9188-f06527c46847	2025-12-26 02:53:49.45012+00	2025-12-26 02:53:49.45012+00	\N	13219ae7-67ab-451b-ae02-934bd4ca5fbd	https://storage.miftech.web.id/refina-transaction-attachments/transaction_attachments_13219ae7-67ab-451b-ae02-934bd4ca5fbd_1766717629.png	.png	1048576
d97eac42-7ec7-46e4-8bde-df072c47a7ff	2025-12-26 02:53:51.559083+00	2025-12-26 02:53:51.559083+00	\N	497892ac-0c18-4895-89ad-69c9492cd4c0	https://storage.miftech.web.id/refina-transaction-attachments/transaction_attachments_497892ac-0c18-4895-89ad-69c9492cd4c0_1766717631.png	.png	1048576
df45ffac-e596-44f1-8c0a-9c4185bd2ff9	2025-12-26 02:53:53.15035+00	2025-12-26 02:53:53.15035+00	\N	599b8311-1a8e-4444-9b2a-6a41471e58ed	https://storage.miftech.web.id/refina-transaction-attachments/transaction_attachments_599b8311-1a8e-4444-9b2a-6a41471e58ed_1766717633.png	.png	1048576
35c966c4-f744-4e70-8d98-28e01cce064a	2025-12-26 02:53:54.29485+00	2025-12-26 02:53:54.29485+00	\N	158aed48-c72c-4ad6-bdbc-e16b8de73cfa	https://storage.miftech.web.id/refina-transaction-attachments/transaction_attachments_158aed48-c72c-4ad6-bdbc-e16b8de73cfa_1766717634.png	.png	1048576
54489d3e-3b8a-400f-a935-d84da2a781bb	2025-12-26 02:53:54.458735+00	2025-12-26 02:53:54.458735+00	\N	0ffe36c4-09ae-4399-bc72-158904ec135d	https://storage.miftech.web.id/refina-transaction-attachments/transaction_attachments_0ffe36c4-09ae-4399-bc72-158904ec135d_1766717634.png	.png	1048576
e842426f-c68d-4b0d-991d-585bf0cefd4f	2025-12-26 02:53:55.334397+00	2025-12-26 02:53:55.334397+00	\N	b28ad7a9-a2cd-4601-b7b8-83aaf048e70f	https://storage.miftech.web.id/refina-transaction-attachments/transaction_attachments_b28ad7a9-a2cd-4601-b7b8-83aaf048e70f_1766717635.png	.png	1048576
9dab9a35-9eb6-4166-9d2f-616cabcbc5ae	2025-12-26 02:53:56.047466+00	2025-12-26 02:53:56.047466+00	\N	4058b4b7-6f9c-4705-bc5e-9d7679c46308	https://storage.miftech.web.id/refina-transaction-attachments/transaction_attachments_4058b4b7-6f9c-4705-bc5e-9d7679c46308_1766717635.png	.png	1048576
\.


--
-- Data for Name: categories; Type: TABLE DATA; Schema: public; Owner: postgres
--

COPY public.categories (id, created_at, updated_at, deleted_at, parent_id, parent_label, name, type) FROM stdin;
86453a2c-b4ca-42e9-b4d0-dcc718ede024	\N	\N	\N	\N	\N	Transportasi & Kendaraan	expense
78662c66-1299-4486-902c-7ea8543aa6fc	\N	\N	\N	86453a2c-b4ca-42e9-b4d0-dcc718ede024	\N	Cicilan Kendaraan	expense
0c759c4a-41d8-4f4c-9e6c-7ddebba28420	\N	\N	\N	\N	\N	Kebutuhan Pokok	expense
38bd3956-434c-4387-ad9c-9bc3938215ca	\N	\N	\N	0c759c4a-41d8-4f4c-9e6c-7ddebba28420	\N	Belanja Bulanan	expense
00338e72-62e6-43d8-91d2-18e4f5438eca	\N	\N	\N	\N	\N	Fashion & Perawatan Diri	expense
9d560a79-0c9c-430f-b2f4-2a1d83a69008	\N	\N	\N	00338e72-62e6-43d8-91d2-18e4f5438eca	\N	Belanja Pakaian/Aksesoris	expense
e55a9430-68f1-406a-91a4-67aad81c8b44	\N	\N	\N	86453a2c-b4ca-42e9-b4d0-dcc718ede024	\N	Servis & Perawatan Rutin	expense
552de2ae-6900-42ef-ace5-bfbdc1fce31a	\N	\N	\N	86453a2c-b4ca-42e9-b4d0-dcc718ede024	\N	Parkir & Tol	expense
f35cb6b8-9445-493b-8725-7a449cf35e84	\N	\N	\N	86453a2c-b4ca-42e9-b4d0-dcc718ede024	\N	Asuransi Kendaraan	expense
e370e303-d21f-4b46-9813-786279e239c3	\N	\N	\N	86453a2c-b4ca-42e9-b4d0-dcc718ede024	\N	Biaya SIM & Surat-surat Lainnya	expense
ae009d3c-d03a-4e2e-a505-891f4adcdef7	\N	\N	\N	0c759c4a-41d8-4f4c-9e6c-7ddebba28420	\N	Makanan & Minuman	expense
99315feb-1226-4ab9-b982-bc177aec3d2c	\N	\N	\N	0c759c4a-41d8-4f4c-9e6c-7ddebba28420	\N	Perawatan Hewan Peliharaan	expense
296bca0d-9745-45fd-9501-4f752ab51ca6	\N	\N	\N	0c759c4a-41d8-4f4c-9e6c-7ddebba28420	\N	Internet & Telepon	expense
86f87192-05ef-4cd2-a16e-b847a67864fe	\N	\N	\N	0c759c4a-41d8-4f4c-9e6c-7ddebba28420	\N	Perlengkapan Kebersihan	expense
c54b2d78-0308-4efd-876e-b4e3b9aea54b	\N	\N	\N	86453a2c-b4ca-42e9-b4d0-dcc718ede024	\N	Bahan Bakar & Pengisian Daya	expense
d9c4076d-a778-48e5-9914-6c679f9362ab	\N	\N	\N	0c759c4a-41d8-4f4c-9e6c-7ddebba28420	\N	Transportasi Harian	expense
19195683-7b2a-4330-aef4-82ca6a8b07ba	\N	\N	\N	0c759c4a-41d8-4f4c-9e6c-7ddebba28420	\N	Listrik, Air, & Gas	expense
91737b7e-428c-4a95-9d14-fa2de368eefc	\N	\N	\N	00338e72-62e6-43d8-91d2-18e4f5438eca	\N	Sewa Kostum/Pakaian	expense
40190689-2071-42e7-9dde-626fe6682c68	\N	\N	\N	00338e72-62e6-43d8-91d2-18e4f5438eca	\N	Perhiasan & Jam Tangan	expense
e1af1a1f-1608-4202-8f97-f9ab8881aa82	\N	\N	\N	00338e72-62e6-43d8-91d2-18e4f5438eca	\N	Salon & Barbershop	expense
9bf8ebd7-d343-4ef6-9fbc-5fdf7d755291	\N	\N	\N	\N	\N	Kesehatan	expense
f5c9edf2-f425-416f-a342-5e570ac5ff04	\N	\N	\N	\N	\N	Hiburan & Rekreasi	expense
44dcaf31-5e6d-4910-a78c-a6be3513bab4	\N	\N	\N	9bf8ebd7-d343-4ef6-9fbc-5fdf7d755291	\N	Asuransi Kesehatan	expense
809b3626-38ac-4b34-b662-d2fb44846d23	\N	\N	\N	9bf8ebd7-d343-4ef6-9fbc-5fdf7d755291	\N	Layanan Kesehatan	expense
219b3106-3211-48f7-a383-f05bfff592c2	\N	\N	\N	f5c9edf2-f425-416f-a342-5e570ac5ff04	\N	Langganan Digital	expense
2e7ec450-2547-415c-94d5-03be88d25bf7	\N	\N	\N	00338e72-62e6-43d8-91d2-18e4f5438eca	\N	Perawatan Tubuh	expense
ceb9624d-0a53-48a9-8e08-81c1dc8ea96d	\N	\N	\N	86453a2c-b4ca-42e9-b4d0-dcc718ede024	\N	Pajak Kendaraan	expense
b65dcd38-447d-48ce-a442-384bfa2cebef	\N	\N	\N	00338e72-62e6-43d8-91d2-18e4f5438eca	\N	Laundry & Dry Cleaning	expense
14ce5686-60f8-468c-a6ca-979fd738b97e	\N	\N	\N	0c759c4a-41d8-4f4c-9e6c-7ddebba28420	\N	Rokok & Alkohol	expense
5ec4ffe1-28ee-41ef-9a35-d806c7b8876b	\N	\N	\N	9bf8ebd7-d343-4ef6-9fbc-5fdf7d755291	\N	Peralatan Kesehatan	expense
c92e4723-ef04-4c74-9aa1-39a7ed85391b	\N	\N	\N	9bf8ebd7-d343-4ef6-9fbc-5fdf7d755291	\N	Obat-obatan & Resep Dokter	expense
5ef45b6c-0a48-4d76-a5fa-377db03fa448	\N	\N	\N	9bf8ebd7-d343-4ef6-9fbc-5fdf7d755291	\N	Kesehatan Mental	expense
585bb27f-3068-471e-ac94-06ac5433870c	\N	\N	\N	9bf8ebd7-d343-4ef6-9fbc-5fdf7d755291	\N	Medical Check-up	expense
9bcb4688-4491-4ecc-8542-5cd9cab31dc4	\N	\N	\N	9bf8ebd7-d343-4ef6-9fbc-5fdf7d755291	\N	Suplemen & Vitamin	expense
2da1642b-21d6-4029-8d7f-8eece438f77e	\N	\N	\N	9bf8ebd7-d343-4ef6-9fbc-5fdf7d755291	\N	Donor Darah/Organ	expense
fb6c5f86-9bd0-49a4-a0fc-2d6f85fbb52a	\N	\N	\N	00338e72-62e6-43d8-91d2-18e4f5438eca	\N	Kosmetik & Skincare	expense
94002613-7ac8-4b62-be30-a7586a33a378	\N	\N	\N	f5c9edf2-f425-416f-a342-5e570ac5ff04	\N	Event & Konser	expense
79898316-6cbc-410f-b29e-50f3ee1ed66f	\N	\N	\N	\N	\N	Zonasi & Amal	expense
fc94ff6a-b0d6-4380-938f-77a9bd30f9e9	\N	\N	\N	79898316-6cbc-410f-b29e-50f3ee1ed66f	\N	Donasi Pendidikan	expense
5f2428f5-bc5d-486f-a97c-a9eeb42eb3ba	\N	\N	\N	\N	\N	Teknologi & Gadget	expense
2240402c-50ad-4e8e-bc54-7aee8f12ce40	\N	\N	\N	5f2428f5-bc5d-486f-a97c-a9eeb42eb3ba	\N	Perbaikan & Aksesori Gadget	expense
59d19fac-50b5-44ea-9a37-1f4ca1a2856a	\N	\N	\N	f5c9edf2-f425-416f-a342-5e570ac5ff04	\N	Koleksi & Kesenangan Pribadi	expense
34ab9958-f478-443d-976e-b9f5147c5a12	\N	\N	\N	f5c9edf2-f425-416f-a342-5e570ac5ff04	\N	Hobi	expense
e900fe87-c4fc-4671-ba97-62d681a49643	\N	\N	\N	\N	\N	Pendapatan Lainnya	income
635fdfd1-31f4-472c-8d52-e59a66c31351	\N	\N	\N	e900fe87-c4fc-4671-ba97-62d681a49643	\N	Pendapatan Investasi	income
a367f356-831d-457d-8e65-c4234054e9d8	\N	\N	\N	\N	\N	Pendapatan Sampingan	income
205ae397-e277-4576-b47e-fb9d6108190e	\N	\N	\N	a367f356-831d-457d-8e65-c4234054e9d8	\N	Pendapatan dari Afiliasi	income
b1072a11-2665-4b62-a394-98307dc66ae4	\N	\N	\N	\N	\N	Perumahan	expense
29629542-1592-4342-9fbd-7a443b3f0b72	\N	\N	\N	f5c9edf2-f425-416f-a342-5e570ac5ff04	\N	Liburan	expense
01899e1d-93c1-4088-9b6d-1dd5d3ef7371	\N	\N	\N	b1072a11-2665-4b62-a394-98307dc66ae4	\N	Biaya Keamanan	expense
2039958c-42da-4d78-8b20-176bf5716e70	\N	\N	\N	f5c9edf2-f425-416f-a342-5e570ac5ff04	\N	Nongkrong di Kafe/Restoran	expense
221e09c7-a30c-4d82-aca6-cfdcd3a12aba	\N	\N	\N	\N	\N	Tagihan & Utilitas	expense
398b9095-80ab-4880-a043-1b20e22092e4	\N	\N	\N	\N	\N	Lainnya	expense
6d5bf1d4-f3a9-4ba4-910d-315db91fa04a	\N	\N	\N	f5c9edf2-f425-416f-a342-5e570ac5ff04	\N	Nonton Bioskop/Streaming	expense
c7082370-6cb7-4432-af32-eb42643d7687	\N	\N	\N	221e09c7-a30c-4d82-aca6-cfdcd3a12aba	\N	Tagihan Kartu Kredit	expense
3cbc0364-9a51-4707-bdc8-1fb70a75813d	\N	\N	\N	398b9095-80ab-4880-a043-1b20e22092e4	\N	Biaya Perjalanan Dinas	expense
ca457f82-d35d-47db-9745-53ca6c22cb38	\N	\N	\N	\N	\N	Gaji/Pendapatan Tetap	income
94e06887-016c-4773-8c6d-4e77dec449c6	\N	\N	\N	398b9095-80ab-4880-a043-1b20e22092e4	\N	Biaya Tak Terduga	expense
c20eec2a-5f0c-49e3-920c-6de226fa156f	\N	\N	\N	398b9095-80ab-4880-a043-1b20e22092e4	\N	Denda & Tilang	expense
bc08ac06-c868-459f-81bd-8997edd8b1a2	\N	\N	\N	ca457f82-d35d-47db-9745-53ca6c22cb38	\N	Bonus Tahunan	income
c4f84515-dea4-4c91-bef8-c2466a2cd28c	\N	\N	\N	\N	\N	Pendapatan Pasif	income
9b8cd790-68c2-4c0e-8df7-7d2a1ee36ec9	\N	\N	\N	c4f84515-dea4-4c91-bef8-c2466a2cd28c	\N	Royalti	income
5c1e7eb5-51d0-463e-9e8f-e5c34e6f07f5	\N	\N	\N	\N	\N	Pendidikan	expense
868ac9c5-d4b6-4c85-869e-60002a1efff9	\N	\N	\N	5c1e7eb5-51d0-463e-9e8f-e5c34e6f07f5	\N	Biaya Ujian & Sertifikasi	expense
b0b60694-c0b9-4df9-b48b-95649b32bc05	\N	\N	\N	5c1e7eb5-51d0-463e-9e8f-e5c34e6f07f5	\N	Transportasi Sekolah/Kampus	expense
a28ddab6-5cf9-49ac-88fa-cb332b555411	\N	\N	\N	79898316-6cbc-410f-b29e-50f3ee1ed66f	\N	Bantuan Bencana Alam	expense
8cf0d0f3-b0c9-4eb4-8efc-e316c0d90399	\N	\N	\N	79898316-6cbc-410f-b29e-50f3ee1ed66f	\N	Zakat	expense
0f871a1b-034d-4100-b83c-0e80046f1359	\N	\N	\N	79898316-6cbc-410f-b29e-50f3ee1ed66f	\N	Donasi Sosial	expense
5bf20eda-d89a-44ff-a5ad-ece2e89ce1dd	\N	\N	\N	5f2428f5-bc5d-486f-a97c-a9eeb42eb3ba	\N	Pembelian Gadget	expense
e6a3af62-02ca-4d6e-b786-583d4438e5ea	\N	\N	\N	79898316-6cbc-410f-b29e-50f3ee1ed66f	\N	Sedekah	expense
a963c551-299c-4b71-8043-d6ae205ad011	\N	\N	\N	221e09c7-a30c-4d82-aca6-cfdcd3a12aba	\N	Layanan Digital	expense
23e0bd87-2f13-4281-a188-b43fbcb4ed57	\N	\N	\N	ca457f82-d35d-47db-9745-53ca6c22cb38	\N	Gaji Freelance	income
e3311cbb-9bf4-4c13-bd19-148361b4ee24	\N	\N	\N	e900fe87-c4fc-4671-ba97-62d681a49643	\N	Refund/Pengembalian Dana	income
20a89ee1-5a10-4769-90bf-48a4d9902f1d	\N	\N	\N	b1072a11-2665-4b62-a394-98307dc66ae4	\N	Sewa Rumah/Kontrakan	expense
5b98cb92-fdc2-418b-8387-0cc6bc786750	\N	\N	\N	c4f84515-dea4-4c91-bef8-c2466a2cd28c	\N	Dividen Saham	income
1a4ef032-0f33-4ae5-8bcb-1e9e449e88dd	\N	\N	\N	221e09c7-a30c-4d82-aca6-cfdcd3a12aba	\N	Tagihan PLN/PDAM/Gas	expense
45e5d635-09ec-4a8d-9e97-83016c0a3715	\N	\N	\N	398b9095-80ab-4880-a043-1b20e22092e4	\N	Biaya Pernikahan	expense
b37ee611-f4ae-4b64-a2d2-fc5f197cd610	\N	\N	\N	5c1e7eb5-51d0-463e-9e8f-e5c34e6f07f5	\N	Kegiatan Ekstrakurikuler	expense
6dcb6708-6e59-4b08-8431-3e7745f42a81	\N	\N	\N	5f2428f5-bc5d-486f-a97c-a9eeb42eb3ba	\N	Langganan Software	expense
6899e818-5589-4584-9c6a-b2be7ea2f753	\N	\N	\N	398b9095-80ab-4880-a043-1b20e22092e4	\N	Hadiah & Ucapan	expense
4200f46d-cb29-4171-9e44-227e93985987	\N	\N	\N	398b9095-80ab-4880-a043-1b20e22092e4	\N	Keanggotaan	expense
17c53e46-21b4-4bc7-b31a-c8edc0deeb36	\N	\N	\N	b1072a11-2665-4b62-a394-98307dc66ae4	\N	Perbaikan & Pemeliharaan Rumah	expense
cc147e77-1938-4963-90b3-04c6de73ea7f	\N	\N	\N	a367f356-831d-457d-8e65-c4234054e9d8	\N	Pendapatan dari Hobi	income
9c1a1896-d798-48a8-a50d-d4d7efa14c18	\N	\N	\N	5f2428f5-bc5d-486f-a97c-a9eeb42eb3ba	\N	Upgrade Perangkat	expense
debe06c6-a386-414b-b82c-b673f75bfe3c	\N	\N	\N	221e09c7-a30c-4d82-aca6-cfdcd3a12aba	\N	Tagihan TV Kabel/Streaming	expense
370d87a4-b01b-4f03-82ea-1c10d4e9f282	\N	\N	\N	b1072a11-2665-4b62-a394-98307dc66ae4	\N	Cicilan Rumah/KPR	expense
d592efcd-867a-46a4-a2cc-a30df091796b	\N	\N	\N	b1072a11-2665-4b62-a394-98307dc66ae4	\N	Perlengkapan Rumah Tangga	expense
156dd521-efc8-4d8e-b4d5-c1dab2d88915	\N	\N	\N	5c1e7eb5-51d0-463e-9e8f-e5c34e6f07f5	\N	Seragam & Perlengkapan Khusus	expense
d834d75e-5213-42c6-9deb-35411cabc17c	\N	\N	\N	b1072a11-2665-4b62-a394-98307dc66ae4	\N	Dekorasi & Kebun	expense
2718e35b-ec13-4264-8c69-bd0eb5adabe6	\N	\N	\N	ca457f82-d35d-47db-9745-53ca6c22cb38	\N	Honor Projek	income
6e432773-9290-4acf-b235-a62ea2a2389e	\N	\N	\N	5c1e7eb5-51d0-463e-9e8f-e5c34e6f07f5	\N	Biaya Sekolah/Kuliah	expense
b952434f-7b32-419d-8884-cb5638117cf5	\N	\N	\N	5c1e7eb5-51d0-463e-9e8f-e5c34e6f07f5	\N	Buku & Alat Tulis	expense
f1995058-5c77-49bf-8e48-a9c8a935c2c7	\N	\N	\N	b1072a11-2665-4b62-a394-98307dc66ae4	\N	Asuransi Rumah	expense
4dec2f41-99b5-4367-9ab4-668aa37b4f09	\N	\N	\N	79898316-6cbc-410f-b29e-50f3ee1ed66f	\N	Wakaf	expense
ca7d9a16-1c44-4e56-b147-0b6261ce3b33	\N	\N	\N	a367f356-831d-457d-8e65-c4234054e9d8	\N	Jualan Online	income
c713f0d6-e643-475e-a34d-a26f6e1521e5	\N	\N	\N	e900fe87-c4fc-4671-ba97-62d681a49643	\N	Penjualan Barang Bekas	income
4cbb5a2e-922b-425f-a800-7771e3d23db3	\N	\N	\N	e900fe87-c4fc-4671-ba97-62d681a49643	\N	Hadiah/Uang Saku	income
edd852f8-560d-4ce0-a3b1-dea519f3f919	\N	\N	\N	5c1e7eb5-51d0-463e-9e8f-e5c34e6f07f5	\N	Kursus/Pelatihan	expense
134d41a8-87dc-4aca-9a51-63396ef96afd	\N	\N	\N	c4f84515-dea4-4c91-bef8-c2466a2cd28c	\N	Sewa Properti	income
1787ffb6-e2cf-4eac-a74c-c32451f0b243	\N	\N	\N	b1072a11-2665-4b62-a394-98307dc66ae4	\N	Pajak Properti	expense
db405f69-173e-4867-8a81-da542339ff85	\N	\N	\N	5f2428f5-bc5d-486f-a97c-a9eeb42eb3ba	\N	Biaya E-commerce	expense
5ddf661f-beb3-4339-979c-731ab6f57294	\N	\N	\N	221e09c7-a30c-4d82-aca6-cfdcd3a12aba	\N	Biaya Administrasi	expense
fb6b1109-b7fe-4284-b17b-5f87877d8e81	\N	\N	\N	221e09c7-a30c-4d82-aca6-cfdcd3a12aba	\N	Iuran Lingkungan	expense
4be6ddc3-f635-4a95-8b5f-b2dc4da7b249	\N	\N	\N	c4f84515-dea4-4c91-bef8-c2466a2cd28c	\N	Bunga Deposito	income
4c59f52f-9353-401a-a0dc-8e3926f4858b	\N	\N	\N	ca457f82-d35d-47db-9745-53ca6c22cb38	\N	Gaji Bulanan	income
cbe9ad70-0789-4be0-9bef-49270b9f040f	\N	\N	\N	398b9095-80ab-4880-a043-1b20e22092e4	\N	Biaya Hukum & Notaris	expense
e8f83876-0e5c-4e88-b16b-f3229d5c8412	\N	\N	\N	\N	\N	Pindah Dana	fund_transfer
75a19b5c-43b4-4f84-ad2c-f844c40eec24	\N	\N	\N	e8f83876-0e5c-4e88-b16b-f3229d5c8412	\N	Cash In	fund_transfer
b5a5d097-6346-4b72-b975-8ebf0b4b72f1	\N	\N	\N	e8f83876-0e5c-4e88-b16b-f3229d5c8412	\N	Cash Out	fund_transfer
8d99002a-f0be-4baf-aa40-6605dc9bbfa2	\N	\N	\N	\N	\N	Bisnis	expense
66239d17-3320-4c98-9b8c-fb8d84827085	\N	\N	\N	\N	\N	Investasi	expense
17f190f7-36fb-4785-83d0-029568e768c6	\N	\N	\N	8d99002a-f0be-4baf-aa40-6605dc9bbfa2	\N	Pemasaran & Iklan	expense
99140343-3e68-40b2-8727-b94ab047f40e	\N	\N	\N	66239d17-3320-4c98-9b8c-fb8d84827085	\N	Deposito	expense
b0a06cfe-a0bb-44c1-a95f-0a095e0f29a1	\N	\N	\N	\N	\N	Utang	expense
05b2c62e-ea18-4892-8666-29b36985fd79	\N	\N	\N	b0a06cfe-a0bb-44c1-a95f-0a095e0f29a1	\N	Utang Teman/Orang Tua	expense
dfadcd5b-85d6-44f0-8b26-2c4708c3eac2	\N	\N	\N	8d99002a-f0be-4baf-aa40-6605dc9bbfa2	\N	Gaji Karyawan	expense
16322868-e075-4675-b980-ac3eae09cf32	\N	\N	\N	8d99002a-f0be-4baf-aa40-6605dc9bbfa2	\N	Peralatan & Inventaris	expense
6fa7661f-3eaf-4a4d-827c-7c94df63b72c	\N	\N	\N	b0a06cfe-a0bb-44c1-a95f-0a095e0f29a1	\N	Pinjaman Pribadi	expense
ed284ce6-3a43-489e-95bb-71da45074f95	\N	\N	\N	66239d17-3320-4c98-9b8c-fb8d84827085	\N	Peer-to-Peer Lending	expense
b3de433a-6f85-4b4d-874f-e992e83e61ee	\N	\N	\N	b0a06cfe-a0bb-44c1-a95f-0a095e0f29a1	\N	Cicilan Kendaraan	expense
9a62b2f5-3604-472b-af2a-5d620dd78983	\N	\N	\N	66239d17-3320-4c98-9b8c-fb8d84827085	\N	Properti	expense
6bb08b72-56ed-455c-b1f5-93f9cc02cfdd	\N	\N	\N	8d99002a-f0be-4baf-aa40-6605dc9bbfa2	\N	Biaya Transportasi Bisnis	expense
8c2e6120-0464-47f5-a45f-6e6afbaf1703	\N	\N	\N	66239d17-3320-4c98-9b8c-fb8d84827085	\N	Cryptocurrency	expense
6411b40e-6694-40bd-818b-c587b2f02d25	\N	\N	\N	b0a06cfe-a0bb-44c1-a95f-0a095e0f29a1	\N	Cicilan Rumah	expense
5a6e85aa-7d1c-4b2c-913d-a33ea33313f4	\N	\N	\N	8d99002a-f0be-4baf-aa40-6605dc9bbfa2	\N	Modal Usaha	expense
36b3810b-fc88-4fac-b361-8ab8bdcbf8b7	\N	\N	\N	8d99002a-f0be-4baf-aa40-6605dc9bbfa2	\N	Biaya Operasional	expense
9b6fa579-18ea-4049-9b82-bfbe09900dfb	\N	\N	\N	8d99002a-f0be-4baf-aa40-6605dc9bbfa2	\N	Sewa Tempat Usaha	expense
10a812a1-9374-4f8a-8a85-64e5614177d1	\N	\N	\N	66239d17-3320-4c98-9b8c-fb8d84827085	\N	Reksadana	expense
29bc1fb2-1c7e-4776-9406-a03d339c074f	\N	\N	\N	66239d17-3320-4c98-9b8c-fb8d84827085	\N	Obligasi	expense
2ba84734-3fd9-4609-98e5-b09ba094f1fb	\N	\N	\N	b0a06cfe-a0bb-44c1-a95f-0a095e0f29a1	\N	Kartu Kredit	expense
b58662ff-6bd5-4e68-a10a-6ce4e28f21b1	\N	\N	\N	66239d17-3320-4c98-9b8c-fb8d84827085	\N	Saham	expense
1b257b1e-7e3f-4ce7-ac05-77d4d97bc7a8	\N	\N	\N	b0a06cfe-a0bb-44c1-a95f-0a095e0f29a1	\N	Pinjaman Online	expense
5ab8f328-c493-4e76-a99d-4fdabf0f89bb	\N	\N	\N	66239d17-3320-4c98-9b8c-fb8d84827085	\N	Emas	expense
\.


--
-- Data for Name: goose_db_version; Type: TABLE DATA; Schema: public; Owner: postgres
--

COPY public.goose_db_version (id, version_id, is_applied, tstamp) FROM stdin;
1	0	t	2025-12-25 11:42:10.879215
2	20250816071027	t	2025-12-25 11:42:10.940058
3	20250816071531	t	2025-12-25 11:42:10.986057
4	20250816072801	t	2025-12-25 11:42:11.012808
5	20250816072944	t	2025-12-25 11:42:11.033093
6	20250816072952	t	2025-12-25 11:42:11.040352
\.


--
-- Data for Name: investment_types; Type: TABLE DATA; Schema: public; Owner: postgres
--

COPY public.investment_types (id, created_at, updated_at, deleted_at, name, unit) FROM stdin;
192676ca-569f-4e73-b2fc-0d1e772006f4	\N	\N	\N	Others	-
d90a40cb-6981-4847-b54b-a0affdcaf446	\N	\N	\N	Gold	Gram / Troy Ounce
a0e5075e-0fab-46ab-9719-4e3c97ba6ce5	\N	\N	\N	Government Securities	Nominal / Unit
c1991cd9-6e96-49cb-877b-c9fc3ea71303	\N	\N	\N	Bonds	Nominal / Lot
75d32c45-a81a-4ac1-a331-c4b7c22e2e75	\N	\N	\N	Stocks	Lembar
e18f9601-5331-4aa4-a0bc-960a7f46261d	\N	\N	\N	Mutual Funds	Unit Penyertaan (UP)
46113757-d86d-49b7-b604-a670ca5b40b1	\N	\N	\N	Deposits	Nominal
\.


--
-- Data for Name: investments; Type: TABLE DATA; Schema: public; Owner: postgres
--

COPY public.investments (id, created_at, updated_at, deleted_at, investment_type_id, user_id, name, amount, quantity, investment_date, description) FROM stdin;
\.


--
-- Data for Name: reports; Type: TABLE DATA; Schema: public; Owner: postgres
--

COPY public.reports (id, created_at, updated_at, deleted_at, user_id, from_date, to_date, request_at, next_request_at, status, file_url, file_size, generated_at) FROM stdin;
\.


--
-- Data for Name: transactions; Type: TABLE DATA; Schema: public; Owner: postgres
--

COPY public.transactions (id, created_at, updated_at, deleted_at, wallet_id, category_id, amount, transaction_date, description) FROM stdin;
81e54731-6a4c-4ade-81c1-b96bd109898b	2025-12-26 02:09:37.214042+00	2025-12-26 02:09:37.214042+00	2025-12-26 02:33:44.620508+00	b88fe81d-126d-430f-bd6b-4eee2a666111	2718e35b-ec13-4264-8c69-bd0eb5adabe6	100000.00	2025-12-26 09:09:10	(nomor test case) - (jenis test case)
cdf9acbe-d239-4d0c-9dd7-ad02d0bbbde3	2025-12-26 01:45:09.823128+00	2025-12-26 01:45:09.823128+00	2025-12-26 02:33:49.241044+00	b88fe81d-126d-430f-bd6b-4eee2a666111	e3311cbb-9bf4-4c13-bd19-148361b4ee24	2000000000.00	2025-12-26 08:44:50	test
28a614a9-4ab6-4b58-b7b0-da1f25258429	2025-12-25 11:50:44.771413+00	2025-12-25 11:50:44.771413+00	2025-12-26 02:33:52.421618+00	7f051477-ab5a-484a-8c06-38fdcbb7f369	4c59f52f-9353-401a-a0dc-8e3926f4858b	122222.00	2025-12-25 18:50:19	Test
14d150fd-e867-411e-a868-f93f7bb70735	2025-12-26 02:38:29.69955+00	2025-12-26 02:38:29.69955+00	\N	b88fe81d-126d-430f-bd6b-4eee2a666111	2718e35b-ec13-4264-8c69-bd0eb5adabe6	100000.00	2025-12-26 02:38:27.811	[TC-1] Warm-up Load - VU:1 - Iter:0
b6d95ba7-c056-4d0e-a667-678a622aa9f5	2025-12-26 02:38:33.23723+00	2025-12-26 02:38:33.23723+00	\N	b88fe81d-126d-430f-bd6b-4eee2a666111	2718e35b-ec13-4264-8c69-bd0eb5adabe6	100000.00	2025-12-26 02:38:32.331	[TC-1] Warm-up Load - VU:1 - Iter:1
6e3e4471-ca07-48d4-b598-4ff9f67a2ee9	2025-12-26 02:38:36.654184+00	2025-12-26 02:38:36.654184+00	\N	b88fe81d-126d-430f-bd6b-4eee2a666111	2718e35b-ec13-4264-8c69-bd0eb5adabe6	100000.00	2025-12-26 02:38:35.92	[TC-1] Warm-up Load - VU:1 - Iter:2
fd0520b7-a29b-4ca4-95f2-f5dbcfd0e117	2025-12-26 02:38:38.537586+00	2025-12-26 02:38:38.537586+00	\N	b88fe81d-126d-430f-bd6b-4eee2a666111	2718e35b-ec13-4264-8c69-bd0eb5adabe6	100000.00	2025-12-26 02:38:38.088	[TC-1] Warm-up Load - VU:1 - Iter:3
27780b8f-1700-4707-a381-ddd10c4a46a7	2025-12-26 02:38:41.966056+00	2025-12-26 02:38:41.966056+00	\N	b88fe81d-126d-430f-bd6b-4eee2a666111	2718e35b-ec13-4264-8c69-bd0eb5adabe6	100000.00	2025-12-26 02:38:41.419	[TC-1] Warm-up Load - VU:1 - Iter:4
6dc9ca9c-f894-4b23-969b-af63add688ea	2025-12-26 02:38:43.839663+00	2025-12-26 02:38:43.839663+00	\N	b88fe81d-126d-430f-bd6b-4eee2a666111	2718e35b-ec13-4264-8c69-bd0eb5adabe6	100000.00	2025-12-26 02:38:42.811	[TC-1] Warm-up Load - VU:5 - Iter:0
83938b47-fd8d-41b9-8c04-50a508a82e0d	2025-12-26 02:38:44.634574+00	2025-12-26 02:38:44.634574+00	\N	b88fe81d-126d-430f-bd6b-4eee2a666111	2718e35b-ec13-4264-8c69-bd0eb5adabe6	100000.00	2025-12-26 02:38:44.097	[TC-1] Warm-up Load - VU:1 - Iter:5
fac68c42-da5c-433d-a734-03f9b1640652	2025-12-26 02:38:46.320513+00	2025-12-26 02:38:46.320513+00	\N	b88fe81d-126d-430f-bd6b-4eee2a666111	2718e35b-ec13-4264-8c69-bd0eb5adabe6	100000.00	2025-12-26 02:38:45.808	[TC-1] Warm-up Load - VU:5 - Iter:1
4e9975e9-88c9-485e-8567-9e902b7a61f9	2025-12-26 02:38:48.057305+00	2025-12-26 02:38:48.057305+00	\N	b88fe81d-126d-430f-bd6b-4eee2a666111	2718e35b-ec13-4264-8c69-bd0eb5adabe6	100000.00	2025-12-26 02:38:47.604	[TC-1] Warm-up Load - VU:1 - Iter:6
8a69ea89-b83b-44a3-90d4-b45678cd2507	2025-12-26 02:38:48.628329+00	2025-12-26 02:38:48.628329+00	\N	b88fe81d-126d-430f-bd6b-4eee2a666111	2718e35b-ec13-4264-8c69-bd0eb5adabe6	100000.00	2025-12-26 02:38:48.142	[TC-1] Warm-up Load - VU:5 - Iter:2
bd9ccf5a-9ac9-44fe-af5a-67500873505b	2025-12-26 02:38:50.900389+00	2025-12-26 02:38:50.900389+00	\N	b88fe81d-126d-430f-bd6b-4eee2a666111	2718e35b-ec13-4264-8c69-bd0eb5adabe6	100000.00	2025-12-26 02:38:50.445	[TC-1] Warm-up Load - VU:1 - Iter:7
e87924fd-9561-41c4-b26a-01100ff13fd7	2025-12-26 02:38:51.353402+00	2025-12-26 02:38:51.353402+00	\N	b88fe81d-126d-430f-bd6b-4eee2a666111	2718e35b-ec13-4264-8c69-bd0eb5adabe6	100000.00	2025-12-26 02:38:50.747	[TC-1] Warm-up Load - VU:5 - Iter:3
563e52d0-ad42-4928-a5a0-c5a41ca276d7	2025-12-26 02:38:52.515718+00	2025-12-26 02:38:52.515718+00	\N	b88fe81d-126d-430f-bd6b-4eee2a666111	2718e35b-ec13-4264-8c69-bd0eb5adabe6	100000.00	2025-12-26 02:38:52.051	[TC-1] Warm-up Load - VU:1 - Iter:8
90a7b59e-0159-4a1b-b560-a3e658ad4e0b	2025-12-26 02:38:54.775229+00	2025-12-26 02:38:54.775229+00	\N	b88fe81d-126d-430f-bd6b-4eee2a666111	2718e35b-ec13-4264-8c69-bd0eb5adabe6	100000.00	2025-12-26 02:38:54.292	[TC-1] Warm-up Load - VU:5 - Iter:4
c32f294d-7f56-4e92-97d4-01746d75337e	2025-12-26 02:38:55.868622+00	2025-12-26 02:38:55.868622+00	\N	b88fe81d-126d-430f-bd6b-4eee2a666111	2718e35b-ec13-4264-8c69-bd0eb5adabe6	100000.00	2025-12-26 02:38:55.425	[TC-1] Warm-up Load - VU:1 - Iter:9
14200174-6fa3-488f-95b0-cfebbd5c2739	2025-12-26 02:38:57.400795+00	2025-12-26 02:38:57.400795+00	\N	b88fe81d-126d-430f-bd6b-4eee2a666111	2718e35b-ec13-4264-8c69-bd0eb5adabe6	100000.00	2025-12-26 02:38:56.913	[TC-1] Warm-up Load - VU:5 - Iter:5
3ddb6ce6-1e85-4061-bfcd-f67316b90a4b	2025-12-26 02:38:58.251218+00	2025-12-26 02:38:58.251218+00	\N	b88fe81d-126d-430f-bd6b-4eee2a666111	2718e35b-ec13-4264-8c69-bd0eb5adabe6	100000.00	2025-12-26 02:38:57.804	[TC-1] Warm-up Load - VU:1 - Iter:10
1ba4bb6c-04a6-4f2c-a815-d6ff1c48ba97	2025-12-26 02:38:59.218415+00	2025-12-26 02:38:59.218415+00	\N	b88fe81d-126d-430f-bd6b-4eee2a666111	2718e35b-ec13-4264-8c69-bd0eb5adabe6	100000.00	2025-12-26 02:38:57.81	[TC-1] Warm-up Load - VU:2 - Iter:0
9fff6f42-9c32-4963-921a-7e5c49f55adf	2025-12-26 02:39:00.007032+00	2025-12-26 02:39:00.007032+00	\N	b88fe81d-126d-430f-bd6b-4eee2a666111	2718e35b-ec13-4264-8c69-bd0eb5adabe6	100000.00	2025-12-26 02:38:59.131	[TC-1] Warm-up Load - VU:5 - Iter:6
88111a45-7418-42b1-a634-cffc1c48498f	2025-12-26 02:39:02.047378+00	2025-12-26 02:39:02.047378+00	\N	b88fe81d-126d-430f-bd6b-4eee2a666111	2718e35b-ec13-4264-8c69-bd0eb5adabe6	100000.00	2025-12-26 02:38:59.603	[TC-1] Warm-up Load - VU:1 - Iter:11
a99e21c2-e354-4213-9589-e7f8b4b60ca3	2025-12-26 02:39:02.924016+00	2025-12-26 02:39:02.924016+00	\N	b88fe81d-126d-430f-bd6b-4eee2a666111	2718e35b-ec13-4264-8c69-bd0eb5adabe6	100000.00	2025-12-26 02:39:02.262	[TC-1] Warm-up Load - VU:2 - Iter:1
ac094dfd-9c71-44f5-ac74-43be233738ec	2025-12-26 02:39:03.451397+00	2025-12-26 02:39:03.451397+00	\N	b88fe81d-126d-430f-bd6b-4eee2a666111	2718e35b-ec13-4264-8c69-bd0eb5adabe6	100000.00	2025-12-26 02:39:02.398	[TC-1] Warm-up Load - VU:5 - Iter:7
f49846f4-b1bd-4e8e-baa6-f6611848b998	2025-12-26 02:39:05.216459+00	2025-12-26 02:39:05.216459+00	\N	b88fe81d-126d-430f-bd6b-4eee2a666111	2718e35b-ec13-4264-8c69-bd0eb5adabe6	100000.00	2025-12-26 02:39:04.637	[TC-1] Warm-up Load - VU:2 - Iter:2
a7563597-1028-494c-963b-6d17e72fb271	2025-12-26 02:39:05.375706+00	2025-12-26 02:39:05.375706+00	\N	b88fe81d-126d-430f-bd6b-4eee2a666111	2718e35b-ec13-4264-8c69-bd0eb5adabe6	100000.00	2025-12-26 02:39:04.109	[TC-1] Warm-up Load - VU:1 - Iter:12
1b9a8785-d6cc-4e96-922d-3c86319b82ba	2025-12-26 02:39:06.513963+00	2025-12-26 02:39:06.513963+00	\N	b88fe81d-126d-430f-bd6b-4eee2a666111	2718e35b-ec13-4264-8c69-bd0eb5adabe6	100000.00	2025-12-26 02:39:05.208	[TC-1] Warm-up Load - VU:5 - Iter:8
3ad677c5-34e5-4cc2-b784-f8268c1f12ac	2025-12-26 02:39:08.513479+00	2025-12-26 02:39:08.513479+00	\N	b88fe81d-126d-430f-bd6b-4eee2a666111	2718e35b-ec13-4264-8c69-bd0eb5adabe6	100000.00	2025-12-26 02:39:07.978	[TC-1] Warm-up Load - VU:2 - Iter:3
b743112c-7b0b-46e0-a054-ec89fcceba6e	2025-12-26 02:39:09.210352+00	2025-12-26 02:39:09.210352+00	\N	b88fe81d-126d-430f-bd6b-4eee2a666111	2718e35b-ec13-4264-8c69-bd0eb5adabe6	100000.00	2025-12-26 02:39:07.863	[TC-1] Warm-up Load - VU:1 - Iter:13
c26f3983-df56-48e3-ac42-63cb4ac2ed24	2025-12-26 02:39:10.442642+00	2025-12-26 02:39:10.442642+00	\N	b88fe81d-126d-430f-bd6b-4eee2a666111	2718e35b-ec13-4264-8c69-bd0eb5adabe6	100000.00	2025-12-26 02:39:08.446	[TC-1] Warm-up Load - VU:5 - Iter:9
27ce43a8-c0a4-41be-816c-3911de278b75	2025-12-26 02:39:11.162525+00	2025-12-26 02:39:11.162525+00	\N	b88fe81d-126d-430f-bd6b-4eee2a666111	2718e35b-ec13-4264-8c69-bd0eb5adabe6	100000.00	2025-12-26 02:39:10.625	[TC-1] Warm-up Load - VU:2 - Iter:4
af810770-1113-48ae-a376-f75d2e1cb780	2025-12-26 02:39:12.93496+00	2025-12-26 02:39:12.93496+00	\N	b88fe81d-126d-430f-bd6b-4eee2a666111	2718e35b-ec13-4264-8c69-bd0eb5adabe6	100000.00	2025-12-26 02:39:11.602	[TC-1] Warm-up Load - VU:1 - Iter:14
95a3d562-93e1-460d-af92-97d51853ef33	2025-12-26 02:39:13.566853+00	2025-12-26 02:39:13.566853+00	\N	b88fe81d-126d-430f-bd6b-4eee2a666111	2718e35b-ec13-4264-8c69-bd0eb5adabe6	100000.00	2025-12-26 02:39:12.183	[TC-1] Warm-up Load - VU:5 - Iter:10
4d371e51-615b-4c39-86b7-cee25d867c01	2025-12-26 02:39:14.552242+00	2025-12-26 02:39:14.552242+00	\N	b88fe81d-126d-430f-bd6b-4eee2a666111	2718e35b-ec13-4264-8c69-bd0eb5adabe6	100000.00	2025-12-26 02:39:12.81	[TC-1] Warm-up Load - VU:4 - Iter:0
da4f4f94-9321-42a0-936d-008c8e700cf7	2025-12-26 02:39:15.213056+00	2025-12-26 02:39:15.213056+00	\N	b88fe81d-126d-430f-bd6b-4eee2a666111	2718e35b-ec13-4264-8c69-bd0eb5adabe6	100000.00	2025-12-26 02:39:14.216	[TC-1] Warm-up Load - VU:2 - Iter:5
efbe2574-f797-4f42-815e-59ed5073251f	2025-12-26 02:39:17.073841+00	2025-12-26 02:39:17.073841+00	\N	b88fe81d-126d-430f-bd6b-4eee2a666111	2718e35b-ec13-4264-8c69-bd0eb5adabe6	100000.00	2025-12-26 02:39:15.126	[TC-1] Warm-up Load - VU:1 - Iter:15
5841ab7b-37c6-4016-9ca2-1bde990ec4dd	2025-12-26 02:39:19.292011+00	2025-12-26 02:39:19.292011+00	\N	b88fe81d-126d-430f-bd6b-4eee2a666111	2718e35b-ec13-4264-8c69-bd0eb5adabe6	100000.00	2025-12-26 02:39:16.186	[TC-1] Warm-up Load - VU:5 - Iter:11
405ea125-7613-48ab-af79-4f9dcb5ce938	2025-12-26 02:39:19.400387+00	2025-12-26 02:39:19.400387+00	\N	b88fe81d-126d-430f-bd6b-4eee2a666111	2718e35b-ec13-4264-8c69-bd0eb5adabe6	100000.00	2025-12-26 02:39:15.661	[TC-1] Warm-up Load - VU:4 - Iter:1
6a8ea766-4e13-449e-92a3-b355c7beb2e2	2025-12-26 02:39:19.890426+00	2025-12-26 02:39:19.890426+00	\N	b88fe81d-126d-430f-bd6b-4eee2a666111	2718e35b-ec13-4264-8c69-bd0eb5adabe6	100000.00	2025-12-26 02:39:16.665	[TC-1] Warm-up Load - VU:2 - Iter:6
2590c384-7477-4e92-8074-866775ef76ce	2025-12-26 02:39:22.197681+00	2025-12-26 02:39:22.197681+00	\N	b88fe81d-126d-430f-bd6b-4eee2a666111	2718e35b-ec13-4264-8c69-bd0eb5adabe6	100000.00	2025-12-26 02:39:20.053	[TC-1] Warm-up Load - VU:1 - Iter:16
6f3af3d9-cc40-4b0f-89bd-934a9a8c515e	2025-12-26 02:39:22.496028+00	2025-12-26 02:39:22.496028+00	\N	b88fe81d-126d-430f-bd6b-4eee2a666111	2718e35b-ec13-4264-8c69-bd0eb5adabe6	100000.00	2025-12-26 02:39:20.668	[TC-1] Warm-up Load - VU:5 - Iter:12
94247386-2385-4424-9ac1-c6b91cb70bf6	2025-12-26 02:39:23.768324+00	2025-12-26 02:39:23.768324+00	\N	b88fe81d-126d-430f-bd6b-4eee2a666111	2718e35b-ec13-4264-8c69-bd0eb5adabe6	100000.00	2025-12-26 02:39:21.829	[TC-1] Warm-up Load - VU:4 - Iter:2
70224784-3605-4d36-a244-ec2bbd541df2	2025-12-26 02:39:24.164817+00	2025-12-26 02:39:24.164817+00	\N	b88fe81d-126d-430f-bd6b-4eee2a666111	2718e35b-ec13-4264-8c69-bd0eb5adabe6	100000.00	2025-12-26 02:39:22.564	[TC-1] Warm-up Load - VU:2 - Iter:7
e8153507-2c3b-42f2-8d95-9bfa3e942992	2025-12-26 02:39:26.117079+00	2025-12-26 02:39:26.117079+00	\N	b88fe81d-126d-430f-bd6b-4eee2a666111	2718e35b-ec13-4264-8c69-bd0eb5adabe6	100000.00	2025-12-26 02:39:24.958	[TC-1] Warm-up Load - VU:1 - Iter:17
0ed7ae01-be15-4fea-9bd5-094024c0ebac	2025-12-26 02:39:26.568454+00	2025-12-26 02:39:26.568454+00	\N	b88fe81d-126d-430f-bd6b-4eee2a666111	2718e35b-ec13-4264-8c69-bd0eb5adabe6	100000.00	2025-12-26 02:39:25.016	[TC-1] Warm-up Load - VU:5 - Iter:13
32d367e2-d25f-4fd6-9f65-a584756f26fd	2025-12-26 02:39:28.094294+00	2025-12-26 02:39:28.094294+00	\N	b88fe81d-126d-430f-bd6b-4eee2a666111	2718e35b-ec13-4264-8c69-bd0eb5adabe6	100000.00	2025-12-26 02:39:25.549	[TC-1] Warm-up Load - VU:4 - Iter:3
efababb6-3b7b-49cd-9943-19b34b83fcfc	2025-12-26 02:39:29.976158+00	2025-12-26 02:39:29.976158+00	\N	b88fe81d-126d-430f-bd6b-4eee2a666111	2718e35b-ec13-4264-8c69-bd0eb5adabe6	100000.00	2025-12-26 02:39:26.841	[TC-1] Warm-up Load - VU:2 - Iter:8
b6685395-e2f4-4dbd-9aeb-df8b1fe52814	2025-12-26 02:39:30.716828+00	2025-12-26 02:39:30.716828+00	\N	b88fe81d-126d-430f-bd6b-4eee2a666111	2718e35b-ec13-4264-8c69-bd0eb5adabe6	100000.00	2025-12-26 02:39:27.81	[TC-1] Warm-up Load - VU:3 - Iter:0
4cad30bd-3c22-4344-ab5c-3e1c864eed90	2025-12-26 02:39:31.248675+00	2025-12-26 02:39:31.248675+00	\N	b88fe81d-126d-430f-bd6b-4eee2a666111	2718e35b-ec13-4264-8c69-bd0eb5adabe6	100000.00	2025-12-26 02:39:27.553	[TC-1] Warm-up Load - VU:1 - Iter:18
4156aba5-c738-4922-ab5c-5e4c0f541eb8	2025-12-26 02:39:32.852173+00	2025-12-26 02:39:32.852173+00	\N	b88fe81d-126d-430f-bd6b-4eee2a666111	2718e35b-ec13-4264-8c69-bd0eb5adabe6	100000.00	2025-12-26 02:39:29.106	[TC-1] Warm-up Load - VU:5 - Iter:14
236fab49-b05b-464b-9920-bf90745cc980	2025-12-26 02:39:34.320961+00	2025-12-26 02:39:34.320961+00	\N	b88fe81d-126d-430f-bd6b-4eee2a666111	2718e35b-ec13-4264-8c69-bd0eb5adabe6	100000.00	2025-12-26 02:39:29.768	[TC-1] Warm-up Load - VU:4 - Iter:4
bf7a3610-4662-41fc-9a04-b4cab958a617	2025-12-26 02:39:34.58507+00	2025-12-26 02:39:34.58507+00	\N	b88fe81d-126d-430f-bd6b-4eee2a666111	2718e35b-ec13-4264-8c69-bd0eb5adabe6	100000.00	2025-12-26 02:39:31.163	[TC-1] Warm-up Load - VU:2 - Iter:9
ebe57a8a-a079-4601-9c81-5fff4b9ec021	2025-12-26 02:39:35.169844+00	2025-12-26 02:39:35.169844+00	\N	b88fe81d-126d-430f-bd6b-4eee2a666111	2718e35b-ec13-4264-8c69-bd0eb5adabe6	100000.00	2025-12-26 02:39:32.039	[TC-1] Warm-up Load - VU:3 - Iter:1
3e7547ce-c8df-439e-bbd4-eb1ed42fdef6	2025-12-26 02:39:35.93057+00	2025-12-26 02:39:35.93057+00	\N	b88fe81d-126d-430f-bd6b-4eee2a666111	2718e35b-ec13-4264-8c69-bd0eb5adabe6	100000.00	2025-12-26 02:39:34.197	[TC-1] Warm-up Load - VU:1 - Iter:19
3e75ed58-7da3-454e-b720-ade6a79f1c5f	2025-12-26 02:39:37.527403+00	2025-12-26 02:39:37.527403+00	\N	b88fe81d-126d-430f-bd6b-4eee2a666111	2718e35b-ec13-4264-8c69-bd0eb5adabe6	100000.00	2025-12-26 02:39:35.33	[TC-1] Warm-up Load - VU:5 - Iter:15
a9e09ec6-ffd0-4171-91d5-5966db85c1c6	2025-12-26 02:39:40.796051+00	2025-12-26 02:39:40.796051+00	\N	b88fe81d-126d-430f-bd6b-4eee2a666111	2718e35b-ec13-4264-8c69-bd0eb5adabe6	100000.00	2025-12-26 02:39:36.444	[TC-1] Warm-up Load - VU:2 - Iter:10
435c72e7-343d-4dda-a381-3e260ddc0b0e	2025-12-26 02:39:40.911866+00	2025-12-26 02:39:40.911866+00	\N	b88fe81d-126d-430f-bd6b-4eee2a666111	2718e35b-ec13-4264-8c69-bd0eb5adabe6	100000.00	2025-12-26 02:39:37.478	[TC-1] Warm-up Load - VU:1 - Iter:20
d5498285-182c-4388-b8f9-169b5bd89286	2025-12-26 02:39:41.067446+00	2025-12-26 02:39:41.067446+00	\N	b88fe81d-126d-430f-bd6b-4eee2a666111	2718e35b-ec13-4264-8c69-bd0eb5adabe6	100000.00	2025-12-26 02:39:36.737	[TC-1] Warm-up Load - VU:3 - Iter:2
5740c4a2-3bf8-4c9a-8ea0-fb4d662fa2a4	2025-12-26 02:39:42.441365+00	2025-12-26 02:39:42.441365+00	\N	b88fe81d-126d-430f-bd6b-4eee2a666111	2718e35b-ec13-4264-8c69-bd0eb5adabe6	100000.00	2025-12-26 02:39:38.957	[TC-1] Warm-up Load - VU:5 - Iter:16
3baabebb-6569-4a7d-9ed6-0e7966390fb3	2025-12-26 02:39:42.544981+00	2025-12-26 02:39:42.544981+00	\N	b88fe81d-126d-430f-bd6b-4eee2a666111	2718e35b-ec13-4264-8c69-bd0eb5adabe6	100000.00	2025-12-26 02:39:37.231	[TC-1] Warm-up Load - VU:4 - Iter:5
f9d46734-b070-4bfb-9ff7-0a986e834425	2025-12-26 02:39:44.430314+00	2025-12-26 02:39:44.430314+00	\N	b88fe81d-126d-430f-bd6b-4eee2a666111	2718e35b-ec13-4264-8c69-bd0eb5adabe6	100000.00	2025-12-26 02:39:42.706	[TC-1] Warm-up Load - VU:3 - Iter:3
d0473a35-16a1-4c23-95b7-dbfd0ffcb788	2025-12-26 02:39:46.012093+00	2025-12-26 02:39:46.012093+00	\N	b88fe81d-126d-430f-bd6b-4eee2a666111	2718e35b-ec13-4264-8c69-bd0eb5adabe6	100000.00	2025-12-26 02:39:43.619	[TC-1] Warm-up Load - VU:1 - Iter:21
b02adb79-3302-4523-b179-5d85963957b3	2025-12-26 02:39:46.893127+00	2025-12-26 02:39:46.893127+00	\N	b88fe81d-126d-430f-bd6b-4eee2a666111	2718e35b-ec13-4264-8c69-bd0eb5adabe6	100000.00	2025-12-26 02:39:43.611	[TC-1] Warm-up Load - VU:2 - Iter:11
55ae0d3d-44e8-4445-8f99-63f77d4db1a1	2025-12-26 02:39:49.119867+00	2025-12-26 02:39:49.119867+00	\N	b88fe81d-126d-430f-bd6b-4eee2a666111	2718e35b-ec13-4264-8c69-bd0eb5adabe6	100000.00	2025-12-26 02:39:44.694	[TC-1] Warm-up Load - VU:4 - Iter:6
f586b0a1-ca65-443e-bf1d-ba170ca0d1d6	2025-12-26 02:39:49.242525+00	2025-12-26 02:39:49.242525+00	\N	b88fe81d-126d-430f-bd6b-4eee2a666111	2718e35b-ec13-4264-8c69-bd0eb5adabe6	100000.00	2025-12-26 02:39:45.746	[TC-1] Warm-up Load - VU:3 - Iter:4
006c8bd6-bcc3-483c-8749-9b0c3330c195	2025-12-26 02:39:49.656518+00	2025-12-26 02:39:49.656518+00	\N	b88fe81d-126d-430f-bd6b-4eee2a666111	2718e35b-ec13-4264-8c69-bd0eb5adabe6	100000.00	2025-12-26 02:39:44.937	[TC-1] Warm-up Load - VU:5 - Iter:17
1f70ace2-96a3-46bb-8518-7b62ae1060fc	2025-12-26 02:39:50.834382+00	2025-12-26 02:39:50.834382+00	\N	b88fe81d-126d-430f-bd6b-4eee2a666111	2718e35b-ec13-4264-8c69-bd0eb5adabe6	100000.00	2025-12-26 02:39:47.511	[TC-1] Warm-up Load - VU:1 - Iter:22
7258496e-0de8-43f3-bdff-52561db0b295	2025-12-26 02:39:51.323872+00	2025-12-26 02:39:51.323872+00	\N	b88fe81d-126d-430f-bd6b-4eee2a666111	2718e35b-ec13-4264-8c69-bd0eb5adabe6	100000.00	2025-12-26 02:39:48.001	[TC-1] Warm-up Load - VU:2 - Iter:12
605d89eb-962f-4d6a-a316-969258ef81c3	2025-12-26 02:39:52.933361+00	2025-12-26 02:39:52.933361+00	\N	b88fe81d-126d-430f-bd6b-4eee2a666111	2718e35b-ec13-4264-8c69-bd0eb5adabe6	100000.00	2025-12-26 02:39:50.666	[TC-1] Warm-up Load - VU:3 - Iter:5
b7447c66-1659-49e1-ad29-c209097ebd66	2025-12-26 02:39:55.226405+00	2025-12-26 02:39:55.226405+00	\N	b88fe81d-126d-430f-bd6b-4eee2a666111	2718e35b-ec13-4264-8c69-bd0eb5adabe6	100000.00	2025-12-26 02:39:51.483	[TC-1] Warm-up Load - VU:5 - Iter:18
a6cec559-c96f-468f-ae70-b29b2892e9b3	2025-12-26 02:39:55.619405+00	2025-12-26 02:39:55.619405+00	\N	b88fe81d-126d-430f-bd6b-4eee2a666111	2718e35b-ec13-4264-8c69-bd0eb5adabe6	100000.00	2025-12-26 02:39:52.926	[TC-1] Warm-up Load - VU:1 - Iter:23
495d4803-8edc-427d-aacc-d0482439058a	2025-12-26 02:39:56.267106+00	2025-12-26 02:39:56.267106+00	\N	b88fe81d-126d-430f-bd6b-4eee2a666111	2718e35b-ec13-4264-8c69-bd0eb5adabe6	100000.00	2025-12-26 02:39:51.204	[TC-1] Warm-up Load - VU:4 - Iter:7
c836f9c6-5ab1-4acf-a351-e288643fb7e3	2025-12-26 02:39:57.029332+00	2025-12-26 02:39:57.029332+00	\N	b88fe81d-126d-430f-bd6b-4eee2a666111	2718e35b-ec13-4264-8c69-bd0eb5adabe6	100000.00	2025-12-26 02:39:54.028	[TC-1] Warm-up Load - VU:2 - Iter:13
72c47432-3dd5-4fbb-8c94-440ca8784127	2025-12-26 02:39:58.358438+00	2025-12-26 02:39:58.358438+00	\N	b88fe81d-126d-430f-bd6b-4eee2a666111	2718e35b-ec13-4264-8c69-bd0eb5adabe6	100000.00	2025-12-26 02:39:55.653	[TC-1] Warm-up Load - VU:3 - Iter:6
4d9a0056-bcb2-4b99-8034-1a60fc239a3e	2025-12-26 02:40:00.181579+00	2025-12-26 02:40:00.181579+00	\N	b88fe81d-126d-430f-bd6b-4eee2a666111	2718e35b-ec13-4264-8c69-bd0eb5adabe6	100000.00	2025-12-26 02:39:57.021	[TC-1] Warm-up Load - VU:1 - Iter:24
7c344525-ea29-4bec-979a-4583015044ea	2025-12-26 02:40:01.390788+00	2025-12-26 02:40:01.390788+00	\N	b88fe81d-126d-430f-bd6b-4eee2a666111	2718e35b-ec13-4264-8c69-bd0eb5adabe6	100000.00	2025-12-26 02:39:57.131	[TC-1] Warm-up Load - VU:5 - Iter:19
1531bc6f-024a-42b7-ab5d-b6efcf3ea905	2025-12-26 02:40:01.9901+00	2025-12-26 02:40:01.9901+00	\N	b88fe81d-126d-430f-bd6b-4eee2a666111	2718e35b-ec13-4264-8c69-bd0eb5adabe6	100000.00	2025-12-26 02:39:57.663	[TC-1] Warm-up Load - VU:4 - Iter:8
0e660d56-a3c8-4a88-8975-be02a82fc551	2025-12-26 02:40:02.534915+00	2025-12-26 02:40:02.534915+00	\N	b88fe81d-126d-430f-bd6b-4eee2a666111	2718e35b-ec13-4264-8c69-bd0eb5adabe6	100000.00	2025-12-26 02:39:59.21	[TC-1] Warm-up Load - VU:2 - Iter:14
9822e12c-4cf1-4bb0-bb76-896331159631	2025-12-26 02:40:03.381207+00	2025-12-26 02:40:03.381207+00	\N	b88fe81d-126d-430f-bd6b-4eee2a666111	2718e35b-ec13-4264-8c69-bd0eb5adabe6	100000.00	2025-12-26 02:40:00.765	[TC-1] Warm-up Load - VU:3 - Iter:7
01a6fce6-39af-48ca-97e3-380dcc721beb	2025-12-26 02:40:04.528198+00	2025-12-26 02:40:04.528198+00	\N	b88fe81d-126d-430f-bd6b-4eee2a666111	2718e35b-ec13-4264-8c69-bd0eb5adabe6	100000.00	2025-12-26 02:40:02.324	[TC-1] Warm-up Load - VU:1 - Iter:25
f258bcf5-b989-4638-85ef-c49c9e6e7c74	2025-12-26 02:40:07.164264+00	2025-12-26 02:40:07.164264+00	\N	b88fe81d-126d-430f-bd6b-4eee2a666111	2718e35b-ec13-4264-8c69-bd0eb5adabe6	100000.00	2025-12-26 02:40:03.566	[TC-1] Warm-up Load - VU:4 - Iter:9
67315480-04ae-4d59-ad80-b43d994feb7b	2025-12-26 02:40:07.336649+00	2025-12-26 02:40:07.336649+00	\N	b88fe81d-126d-430f-bd6b-4eee2a666111	2718e35b-ec13-4264-8c69-bd0eb5adabe6	100000.00	2025-12-26 02:40:03.666	[TC-1] Warm-up Load - VU:5 - Iter:20
4fa0a24e-30b7-406e-b6a7-2ee791de1f01	2025-12-26 02:40:08.415602+00	2025-12-26 02:40:08.415602+00	\N	b88fe81d-126d-430f-bd6b-4eee2a666111	2718e35b-ec13-4264-8c69-bd0eb5adabe6	100000.00	2025-12-26 02:40:04.865	[TC-1] Warm-up Load - VU:2 - Iter:15
07605195-ec6a-4b8e-9e18-49dd06069766	2025-12-26 02:40:09.565334+00	2025-12-26 02:40:09.565334+00	\N	b88fe81d-126d-430f-bd6b-4eee2a666111	2718e35b-ec13-4264-8c69-bd0eb5adabe6	100000.00	2025-12-26 02:40:06.473	[TC-1] Warm-up Load - VU:3 - Iter:8
bf3c9b62-4d60-49a3-b58d-795f564d3e56	2025-12-26 02:40:10.116596+00	2025-12-26 02:40:10.116596+00	\N	b88fe81d-126d-430f-bd6b-4eee2a666111	2718e35b-ec13-4264-8c69-bd0eb5adabe6	100000.00	2025-12-26 02:40:07.429	[TC-1] Warm-up Load - VU:1 - Iter:26
0147f112-771f-46ee-8f90-43b183de78cb	2025-12-26 02:40:11.126923+00	2025-12-26 02:40:11.126923+00	\N	b88fe81d-126d-430f-bd6b-4eee2a666111	2718e35b-ec13-4264-8c69-bd0eb5adabe6	100000.00	2025-12-26 02:40:08.318	[TC-1] Warm-up Load - VU:4 - Iter:10
58f9b892-d59f-4a5c-8c0b-685c66aa6c28	2025-12-26 02:40:12.410908+00	2025-12-26 02:40:12.410908+00	\N	b88fe81d-126d-430f-bd6b-4eee2a666111	2718e35b-ec13-4264-8c69-bd0eb5adabe6	100000.00	2025-12-26 02:40:09.938	[TC-1] Warm-up Load - VU:5 - Iter:21
86611147-3218-4737-9b83-9bc30483f020	2025-12-26 02:40:13.387176+00	2025-12-26 02:40:13.387176+00	\N	b88fe81d-126d-430f-bd6b-4eee2a666111	2718e35b-ec13-4264-8c69-bd0eb5adabe6	100000.00	2025-12-26 02:40:10.482	[TC-1] Warm-up Load - VU:2 - Iter:16
9c8142cb-5351-412b-b153-9cbaa2bafed9	2025-12-26 02:40:16.065702+00	2025-12-26 02:40:16.065702+00	\N	b88fe81d-126d-430f-bd6b-4eee2a666111	2718e35b-ec13-4264-8c69-bd0eb5adabe6	100000.00	2025-12-26 02:40:11.696	[TC-1] Warm-up Load - VU:3 - Iter:9
d2063ad8-dca0-4707-943e-828233644f6b	2025-12-26 02:40:16.218448+00	2025-12-26 02:40:16.218448+00	\N	b88fe81d-126d-430f-bd6b-4eee2a666111	2718e35b-ec13-4264-8c69-bd0eb5adabe6	100000.00	2025-12-26 02:40:12.776	[TC-1] Warm-up Load - VU:1 - Iter:27
b354a2c3-0461-48ba-8637-1697cf478512	2025-12-26 02:40:16.356523+00	2025-12-26 02:40:16.356523+00	\N	b88fe81d-126d-430f-bd6b-4eee2a666111	2718e35b-ec13-4264-8c69-bd0eb5adabe6	100000.00	2025-12-26 02:40:13.155	[TC-1] Warm-up Load - VU:4 - Iter:11
16f9b0c7-b836-4d06-8e9b-f265fda63c3a	2025-12-26 02:40:18.049528+00	2025-12-26 02:40:18.049528+00	\N	b88fe81d-126d-430f-bd6b-4eee2a666111	2718e35b-ec13-4264-8c69-bd0eb5adabe6	100000.00	2025-12-26 02:40:15.987	[TC-1] Warm-up Load - VU:2 - Iter:17
2fbc4d8b-0b42-470f-a0e2-c5bf985b2225	2025-12-26 02:40:18.258092+00	2025-12-26 02:40:18.258092+00	\N	b88fe81d-126d-430f-bd6b-4eee2a666111	2718e35b-ec13-4264-8c69-bd0eb5adabe6	100000.00	2025-12-26 02:40:14.787	[TC-1] Warm-up Load - VU:5 - Iter:22
93a8f91c-a55e-4252-97ab-8ec7e73da2a3	2025-12-26 02:40:20.281889+00	2025-12-26 02:40:20.281889+00	\N	b88fe81d-126d-430f-bd6b-4eee2a666111	2718e35b-ec13-4264-8c69-bd0eb5adabe6	100000.00	2025-12-26 02:40:18.059	[TC-1] Warm-up Load - VU:1 - Iter:28
8482ca1f-47c7-4a92-98dd-2c5fdddcf8c0	2025-12-26 02:40:21.525308+00	2025-12-26 02:40:21.525308+00	\N	b88fe81d-126d-430f-bd6b-4eee2a666111	2718e35b-ec13-4264-8c69-bd0eb5adabe6	100000.00	2025-12-26 02:40:18.293	[TC-1] Warm-up Load - VU:3 - Iter:10
31bca599-7d02-4890-b61d-3ae41e30760b	2025-12-26 02:40:24.455083+00	2025-12-26 02:40:24.455083+00	\N	b88fe81d-126d-430f-bd6b-4eee2a666111	2718e35b-ec13-4264-8c69-bd0eb5adabe6	100000.00	2025-12-26 02:40:20.938	[TC-1] Warm-up Load - VU:5 - Iter:23
382733cb-82d7-4a9f-b467-1b2053128c19	2025-12-26 02:40:24.877812+00	2025-12-26 02:40:24.877812+00	\N	b88fe81d-126d-430f-bd6b-4eee2a666111	2718e35b-ec13-4264-8c69-bd0eb5adabe6	100000.00	2025-12-26 02:40:19.055	[TC-1] Warm-up Load - VU:4 - Iter:12
bb222d51-0e55-4b5c-a8c7-6dd1c0e0a4cc	2025-12-26 02:40:24.985928+00	2025-12-26 02:40:24.985928+00	\N	b88fe81d-126d-430f-bd6b-4eee2a666111	2718e35b-ec13-4264-8c69-bd0eb5adabe6	100000.00	2025-12-26 02:40:20.115	[TC-1] Warm-up Load - VU:2 - Iter:18
bd21a447-568e-42e5-8069-1090b00d40d4	2025-12-26 02:40:25.519231+00	2025-12-26 02:40:25.519231+00	\N	b88fe81d-126d-430f-bd6b-4eee2a666111	2718e35b-ec13-4264-8c69-bd0eb5adabe6	100000.00	2025-12-26 02:40:21.963	[TC-1] Warm-up Load - VU:1 - Iter:29
9062a17b-0f99-4998-a799-33b6cf3eafa9	2025-12-26 02:40:26.022327+00	2025-12-26 02:40:26.022327+00	\N	b88fe81d-126d-430f-bd6b-4eee2a666111	2718e35b-ec13-4264-8c69-bd0eb5adabe6	100000.00	2025-12-26 02:40:22.828	[TC-1] Warm-up Load - VU:3 - Iter:11
36c65b34-bca3-4aa3-bd08-3596c526cae7	2025-12-26 02:40:28.354703+00	2025-12-26 02:40:28.354703+00	\N	b88fe81d-126d-430f-bd6b-4eee2a666111	2718e35b-ec13-4264-8c69-bd0eb5adabe6	100000.00	2025-12-26 02:40:25.991	[TC-1] Warm-up Load - VU:5 - Iter:24
b2fd2c9b-6d13-4aae-b1d9-159a410ef119	2025-12-26 02:40:28.472547+00	2025-12-26 02:40:28.472547+00	\N	b88fe81d-126d-430f-bd6b-4eee2a666111	2718e35b-ec13-4264-8c69-bd0eb5adabe6	100000.00	2025-12-26 02:40:27.005	[TC-1] Warm-up Load - VU:1 - Iter:30
c002b803-5ff4-48d8-ba36-ce0f20139af9	2025-12-26 02:40:29.76569+00	2025-12-26 02:40:29.76569+00	\N	b88fe81d-126d-430f-bd6b-4eee2a666111	2718e35b-ec13-4264-8c69-bd0eb5adabe6	100000.00	2025-12-26 02:40:27.32	[TC-1] Warm-up Load - VU:2 - Iter:19
437393d6-faf3-4387-b88b-f2cbe47ef346	2025-12-26 02:40:30.255389+00	2025-12-26 02:40:30.255389+00	\N	b88fe81d-126d-430f-bd6b-4eee2a666111	2718e35b-ec13-4264-8c69-bd0eb5adabe6	100000.00	2025-12-26 02:40:27.491	[TC-1] Warm-up Load - VU:4 - Iter:13
fd6c256d-0c66-46df-a894-fd29d7e92841	2025-12-26 02:51:55.225776+00	2025-12-26 02:51:55.225776+00	\N	b88fe81d-126d-430f-bd6b-4eee2a666111	2718e35b-ec13-4264-8c69-bd0eb5adabe6	100000.00	2025-12-26 02:51:53.19	[TC-1] Warm-up Load - VU:2 - Iter:0
1ac6998d-a2e7-49e0-a169-a722f379c964	2025-12-26 02:51:57.727058+00	2025-12-26 02:51:57.727058+00	\N	b88fe81d-126d-430f-bd6b-4eee2a666111	2718e35b-ec13-4264-8c69-bd0eb5adabe6	100000.00	2025-12-26 02:51:56.89	[TC-1] Warm-up Load - VU:2 - Iter:1
acde83cc-2066-4dc5-b233-a3ccd87a28ea	2025-12-26 02:51:59.742501+00	2025-12-26 02:51:59.742501+00	\N	b88fe81d-126d-430f-bd6b-4eee2a666111	2718e35b-ec13-4264-8c69-bd0eb5adabe6	100000.00	2025-12-26 02:51:59.154	[TC-1] Warm-up Load - VU:2 - Iter:2
3fa3e442-6698-4c4a-bb1e-cccf7033f2c1	2025-12-26 02:52:02.695511+00	2025-12-26 02:52:02.695511+00	\N	b88fe81d-126d-430f-bd6b-4eee2a666111	2718e35b-ec13-4264-8c69-bd0eb5adabe6	100000.00	2025-12-26 02:52:02.084	[TC-1] Warm-up Load - VU:2 - Iter:3
4d0f73e1-0d0c-4b2c-9324-88902fa9893d	2025-12-26 02:52:04.444468+00	2025-12-26 02:52:04.444468+00	\N	b88fe81d-126d-430f-bd6b-4eee2a666111	2718e35b-ec13-4264-8c69-bd0eb5adabe6	100000.00	2025-12-26 02:52:03.858	[TC-1] Warm-up Load - VU:2 - Iter:4
50a79e7b-4a0c-4492-9536-34b7b01de19e	2025-12-26 02:52:06.936009+00	2025-12-26 02:52:06.936009+00	\N	b88fe81d-126d-430f-bd6b-4eee2a666111	2718e35b-ec13-4264-8c69-bd0eb5adabe6	100000.00	2025-12-26 02:52:06.319	[TC-1] Warm-up Load - VU:2 - Iter:5
3f9ac012-0efc-4dda-a0de-44b78ffc7e5c	2025-12-26 02:52:09.270236+00	2025-12-26 02:52:09.270236+00	\N	b88fe81d-126d-430f-bd6b-4eee2a666111	2718e35b-ec13-4264-8c69-bd0eb5adabe6	100000.00	2025-12-26 02:52:08.189	[TC-1] Warm-up Load - VU:3 - Iter:0
9309d28f-08b2-40cb-8181-3e8824b23689	2025-12-26 02:52:10.030046+00	2025-12-26 02:52:10.030046+00	\N	b88fe81d-126d-430f-bd6b-4eee2a666111	2718e35b-ec13-4264-8c69-bd0eb5adabe6	100000.00	2025-12-26 02:52:09.459	[TC-1] Warm-up Load - VU:2 - Iter:6
cc134cff-b05b-4e26-819e-5056115019fe	2025-12-26 02:52:12.118666+00	2025-12-26 02:52:12.118666+00	\N	b88fe81d-126d-430f-bd6b-4eee2a666111	2718e35b-ec13-4264-8c69-bd0eb5adabe6	100000.00	2025-12-26 02:52:11.537	[TC-1] Warm-up Load - VU:3 - Iter:1
0fb61ed2-4cd8-4eee-a194-f5766ae1789b	2025-12-26 02:52:12.525447+00	2025-12-26 02:52:12.525447+00	\N	b88fe81d-126d-430f-bd6b-4eee2a666111	2718e35b-ec13-4264-8c69-bd0eb5adabe6	100000.00	2025-12-26 02:52:11.695	[TC-1] Warm-up Load - VU:2 - Iter:7
20111dc1-241e-40c2-b204-e2d5c85f30aa	2025-12-26 02:52:14.814511+00	2025-12-26 02:52:14.814511+00	\N	b88fe81d-126d-430f-bd6b-4eee2a666111	2718e35b-ec13-4264-8c69-bd0eb5adabe6	100000.00	2025-12-26 02:52:14.292	[TC-1] Warm-up Load - VU:3 - Iter:2
29b72c5c-4f31-426c-9497-6035bddca94e	2025-12-26 02:52:15.424705+00	2025-12-26 02:52:15.424705+00	\N	b88fe81d-126d-430f-bd6b-4eee2a666111	2718e35b-ec13-4264-8c69-bd0eb5adabe6	100000.00	2025-12-26 02:52:14.82	[TC-1] Warm-up Load - VU:2 - Iter:8
125f7e5f-3e1c-4f02-ac0b-2b2009f56da5	2025-12-26 02:52:17.219183+00	2025-12-26 02:52:17.219183+00	\N	b88fe81d-126d-430f-bd6b-4eee2a666111	2718e35b-ec13-4264-8c69-bd0eb5adabe6	100000.00	2025-12-26 02:52:16.64	[TC-1] Warm-up Load - VU:2 - Iter:9
299a9eaf-b7a7-47d7-ada9-390f7718095c	2025-12-26 02:52:17.710298+00	2025-12-26 02:52:17.710298+00	\N	b88fe81d-126d-430f-bd6b-4eee2a666111	2718e35b-ec13-4264-8c69-bd0eb5adabe6	100000.00	2025-12-26 02:52:16.805	[TC-1] Warm-up Load - VU:3 - Iter:3
9819db35-0c16-4794-b025-d6cc624766dd	2025-12-26 02:52:19.571457+00	2025-12-26 02:52:19.571457+00	\N	b88fe81d-126d-430f-bd6b-4eee2a666111	2718e35b-ec13-4264-8c69-bd0eb5adabe6	100000.00	2025-12-26 02:52:18.939	[TC-1] Warm-up Load - VU:3 - Iter:4
15d79929-59a8-4687-ac3a-622b49505810	2025-12-26 02:52:20.497214+00	2025-12-26 02:52:20.497214+00	\N	b88fe81d-126d-430f-bd6b-4eee2a666111	2718e35b-ec13-4264-8c69-bd0eb5adabe6	100000.00	2025-12-26 02:52:19.907	[TC-1] Warm-up Load - VU:2 - Iter:10
d13efc33-e200-401a-b362-6c7a8f685686	2025-12-26 02:52:21.453702+00	2025-12-26 02:52:21.453702+00	\N	b88fe81d-126d-430f-bd6b-4eee2a666111	2718e35b-ec13-4264-8c69-bd0eb5adabe6	100000.00	2025-12-26 02:52:20.827	[TC-1] Warm-up Load - VU:3 - Iter:5
34adc591-e89a-4f72-9996-eef54a70eec5	2025-12-26 02:52:22.264809+00	2025-12-26 02:52:22.264809+00	\N	b88fe81d-126d-430f-bd6b-4eee2a666111	2718e35b-ec13-4264-8c69-bd0eb5adabe6	100000.00	2025-12-26 02:52:21.687	[TC-1] Warm-up Load - VU:2 - Iter:11
d1863c34-d8fc-44be-8775-9bb6cfa971cb	2025-12-26 02:52:23.114658+00	2025-12-26 02:52:23.114658+00	\N	b88fe81d-126d-430f-bd6b-4eee2a666111	2718e35b-ec13-4264-8c69-bd0eb5adabe6	100000.00	2025-12-26 02:52:22.516	[TC-1] Warm-up Load - VU:3 - Iter:6
be417c25-6b35-4961-be7b-e33d8856411f	2025-12-26 02:52:24.485736+00	2025-12-26 02:52:24.485736+00	\N	b88fe81d-126d-430f-bd6b-4eee2a666111	2718e35b-ec13-4264-8c69-bd0eb5adabe6	100000.00	2025-12-26 02:52:23.189	[TC-1] Warm-up Load - VU:4 - Iter:0
0dbe7867-9108-4f75-8b2f-e3e0e184d90d	2025-12-26 02:52:25.805844+00	2025-12-26 02:52:25.805844+00	\N	b88fe81d-126d-430f-bd6b-4eee2a666111	2718e35b-ec13-4264-8c69-bd0eb5adabe6	100000.00	2025-12-26 02:52:24.619	[TC-1] Warm-up Load - VU:3 - Iter:7
038b05eb-8527-4bed-ad2a-3c475edee247	2025-12-26 02:52:27.101825+00	2025-12-26 02:52:27.101825+00	\N	b88fe81d-126d-430f-bd6b-4eee2a666111	2718e35b-ec13-4264-8c69-bd0eb5adabe6	100000.00	2025-12-26 02:52:23.754	[TC-1] Warm-up Load - VU:2 - Iter:12
822e0f8e-4cd3-447c-8dd7-bda47f822876	2025-12-26 02:52:27.451121+00	2025-12-26 02:52:27.451121+00	\N	b88fe81d-126d-430f-bd6b-4eee2a666111	2718e35b-ec13-4264-8c69-bd0eb5adabe6	100000.00	2025-12-26 02:52:26.809	[TC-1] Warm-up Load - VU:4 - Iter:1
99cfbed6-61a9-4423-9fae-eabb4cc03593	2025-12-26 02:52:29.412717+00	2025-12-26 02:52:29.412717+00	\N	b88fe81d-126d-430f-bd6b-4eee2a666111	2718e35b-ec13-4264-8c69-bd0eb5adabe6	100000.00	2025-12-26 02:52:28.074	[TC-1] Warm-up Load - VU:3 - Iter:8
91df1262-4349-48b2-8c2e-29e2849e090a	2025-12-26 02:52:30.562516+00	2025-12-26 02:52:30.562516+00	\N	b88fe81d-126d-430f-bd6b-4eee2a666111	2718e35b-ec13-4264-8c69-bd0eb5adabe6	100000.00	2025-12-26 02:52:30	[TC-1] Warm-up Load - VU:4 - Iter:2
bdf85e4d-2ec7-4676-b87c-67c6c3e78eac	2025-12-26 02:52:31.386076+00	2025-12-26 02:52:31.386076+00	\N	b88fe81d-126d-430f-bd6b-4eee2a666111	2718e35b-ec13-4264-8c69-bd0eb5adabe6	100000.00	2025-12-26 02:52:29.85	[TC-1] Warm-up Load - VU:2 - Iter:13
279db506-ffcc-4e08-8a03-8a4b163d0901	2025-12-26 02:52:32.904863+00	2025-12-26 02:52:32.904863+00	\N	b88fe81d-126d-430f-bd6b-4eee2a666111	2718e35b-ec13-4264-8c69-bd0eb5adabe6	100000.00	2025-12-26 02:52:31.884	[TC-1] Warm-up Load - VU:3 - Iter:9
127ee699-12d1-4684-8e9c-2da6217669df	2025-12-26 02:52:33.196129+00	2025-12-26 02:52:33.196129+00	\N	b88fe81d-126d-430f-bd6b-4eee2a666111	2718e35b-ec13-4264-8c69-bd0eb5adabe6	100000.00	2025-12-26 02:52:32.612	[TC-1] Warm-up Load - VU:4 - Iter:3
abb9ce24-57f0-4e30-af71-d8369145c802	2025-12-26 02:52:34.50222+00	2025-12-26 02:52:34.50222+00	\N	b88fe81d-126d-430f-bd6b-4eee2a666111	2718e35b-ec13-4264-8c69-bd0eb5adabe6	100000.00	2025-12-26 02:52:33.069	[TC-1] Warm-up Load - VU:2 - Iter:14
ce36cf59-5b7a-48a3-bcb1-fbc571cc497e	2025-12-26 02:52:35.85422+00	2025-12-26 02:52:35.85422+00	\N	b88fe81d-126d-430f-bd6b-4eee2a666111	2718e35b-ec13-4264-8c69-bd0eb5adabe6	100000.00	2025-12-26 02:52:34.727	[TC-1] Warm-up Load - VU:3 - Iter:10
2423a701-7206-4338-ba1a-32b976a32b77	2025-12-26 02:52:36.427654+00	2025-12-26 02:52:36.427654+00	\N	b88fe81d-126d-430f-bd6b-4eee2a666111	2718e35b-ec13-4264-8c69-bd0eb5adabe6	100000.00	2025-12-26 02:52:35.859	[TC-1] Warm-up Load - VU:4 - Iter:4
2447b595-3280-4418-a5b1-abeb6076775d	2025-12-26 02:52:37.80374+00	2025-12-26 02:52:37.80374+00	\N	b88fe81d-126d-430f-bd6b-4eee2a666111	2718e35b-ec13-4264-8c69-bd0eb5adabe6	100000.00	2025-12-26 02:52:36.895	[TC-1] Warm-up Load - VU:3 - Iter:11
bd2a1234-b796-4fcf-9047-a2a6af1a6090	2025-12-26 02:52:39.585393+00	2025-12-26 02:52:39.585393+00	\N	b88fe81d-126d-430f-bd6b-4eee2a666111	2718e35b-ec13-4264-8c69-bd0eb5adabe6	100000.00	2025-12-26 02:52:37.107	[TC-1] Warm-up Load - VU:2 - Iter:15
5647da74-5b96-41e0-870c-35a8ad5b494f	2025-12-26 02:52:40.123651+00	2025-12-26 02:52:40.123651+00	\N	b88fe81d-126d-430f-bd6b-4eee2a666111	2718e35b-ec13-4264-8c69-bd0eb5adabe6	100000.00	2025-12-26 02:52:37.905	[TC-1] Warm-up Load - VU:4 - Iter:5
667604ca-d319-418d-8019-b221ce1efff2	2025-12-26 02:52:40.914153+00	2025-12-26 02:52:40.914153+00	\N	b88fe81d-126d-430f-bd6b-4eee2a666111	2718e35b-ec13-4264-8c69-bd0eb5adabe6	100000.00	2025-12-26 02:52:38.189	[TC-1] Warm-up Load - VU:5 - Iter:0
76139c30-3d25-4928-a6da-2095596b5ef8	2025-12-26 02:52:41.868366+00	2025-12-26 02:52:41.868366+00	\N	b88fe81d-126d-430f-bd6b-4eee2a666111	2718e35b-ec13-4264-8c69-bd0eb5adabe6	100000.00	2025-12-26 02:52:40.553	[TC-1] Warm-up Load - VU:3 - Iter:12
edb8572c-346b-4b9d-acb0-4caf88db1c40	2025-12-26 02:52:43.522932+00	2025-12-26 02:52:43.522932+00	\N	b88fe81d-126d-430f-bd6b-4eee2a666111	2718e35b-ec13-4264-8c69-bd0eb5adabe6	100000.00	2025-12-26 02:52:41.002	[TC-1] Warm-up Load - VU:2 - Iter:16
a7008f06-fe71-4098-847f-c298eefd5a76	2025-12-26 02:52:44.699501+00	2025-12-26 02:52:44.699501+00	\N	b88fe81d-126d-430f-bd6b-4eee2a666111	2718e35b-ec13-4264-8c69-bd0eb5adabe6	100000.00	2025-12-26 02:52:43.214	[TC-1] Warm-up Load - VU:5 - Iter:1
ece32837-f6f7-4672-9012-c3700926b34b	2025-12-26 02:52:45.116352+00	2025-12-26 02:52:45.116352+00	\N	b88fe81d-126d-430f-bd6b-4eee2a666111	2718e35b-ec13-4264-8c69-bd0eb5adabe6	100000.00	2025-12-26 02:52:42.945	[TC-1] Warm-up Load - VU:4 - Iter:6
1a64522a-49a5-453b-9871-64ac2088f8f2	2025-12-26 02:52:46.099666+00	2025-12-26 02:52:46.099666+00	\N	b88fe81d-126d-430f-bd6b-4eee2a666111	2718e35b-ec13-4264-8c69-bd0eb5adabe6	100000.00	2025-12-26 02:52:44.798	[TC-1] Warm-up Load - VU:3 - Iter:13
987f4bd9-a735-48a1-87dc-ba3fd26414bf	2025-12-26 02:52:47.741925+00	2025-12-26 02:52:47.741925+00	\N	b88fe81d-126d-430f-bd6b-4eee2a666111	2718e35b-ec13-4264-8c69-bd0eb5adabe6	100000.00	2025-12-26 02:52:46.129	[TC-1] Warm-up Load - VU:2 - Iter:17
7fdb1afc-e12a-497f-bfbe-03c394457678	2025-12-26 02:52:49.186134+00	2025-12-26 02:52:49.186134+00	\N	b88fe81d-126d-430f-bd6b-4eee2a666111	2718e35b-ec13-4264-8c69-bd0eb5adabe6	100000.00	2025-12-26 02:52:46.57	[TC-1] Warm-up Load - VU:4 - Iter:7
44363629-877b-40fb-b307-d72393f585cb	2025-12-26 02:52:49.940648+00	2025-12-26 02:52:49.940648+00	\N	b88fe81d-126d-430f-bd6b-4eee2a666111	2718e35b-ec13-4264-8c69-bd0eb5adabe6	100000.00	2025-12-26 02:52:46.971	[TC-1] Warm-up Load - VU:5 - Iter:2
d0c7685c-0fdb-4c5b-8cbd-ef7e5f5f637a	2025-12-26 02:52:50.599152+00	2025-12-26 02:52:50.599152+00	\N	b88fe81d-126d-430f-bd6b-4eee2a666111	2718e35b-ec13-4264-8c69-bd0eb5adabe6	100000.00	2025-12-26 02:52:48.631	[TC-1] Warm-up Load - VU:3 - Iter:14
0f1f633b-42bb-48fe-a8b9-63df4a1f00ce	2025-12-26 02:52:52.005138+00	2025-12-26 02:52:52.005138+00	\N	b88fe81d-126d-430f-bd6b-4eee2a666111	2718e35b-ec13-4264-8c69-bd0eb5adabe6	100000.00	2025-12-26 02:52:50.012	[TC-1] Warm-up Load - VU:2 - Iter:18
fb4b053d-0896-41f1-a447-194b45296382	2025-12-26 02:52:55.219355+00	2025-12-26 02:52:55.219355+00	\N	b88fe81d-126d-430f-bd6b-4eee2a666111	2718e35b-ec13-4264-8c69-bd0eb5adabe6	100000.00	2025-12-26 02:52:51.727	[TC-1] Warm-up Load - VU:3 - Iter:15
12fc8bef-68b2-4b83-a1f7-c9e475719942	2025-12-26 02:52:55.351417+00	2025-12-26 02:52:55.351417+00	\N	b88fe81d-126d-430f-bd6b-4eee2a666111	2718e35b-ec13-4264-8c69-bd0eb5adabe6	100000.00	2025-12-26 02:52:50.906	[TC-1] Warm-up Load - VU:4 - Iter:8
19546c07-81cf-4356-bc68-9e22135c802e	2025-12-26 02:52:56.621352+00	2025-12-26 02:52:56.621352+00	\N	b88fe81d-126d-430f-bd6b-4eee2a666111	2718e35b-ec13-4264-8c69-bd0eb5adabe6	100000.00	2025-12-26 02:52:51.977	[TC-1] Warm-up Load - VU:5 - Iter:3
ed9a7de4-cab7-40c8-acfb-69ac6a0c5e57	2025-12-26 02:52:56.737623+00	2025-12-26 02:52:56.737623+00	\N	b88fe81d-126d-430f-bd6b-4eee2a666111	2718e35b-ec13-4264-8c69-bd0eb5adabe6	100000.00	2025-12-26 02:52:53.189	[TC-1] Warm-up Load - VU:1 - Iter:0
41d411a5-1273-4500-afd1-4eba9abed96b	2025-12-26 02:52:57.379755+00	2025-12-26 02:52:57.379755+00	\N	b88fe81d-126d-430f-bd6b-4eee2a666111	2718e35b-ec13-4264-8c69-bd0eb5adabe6	100000.00	2025-12-26 02:52:53.854	[TC-1] Warm-up Load - VU:2 - Iter:19
7442ceb7-1ca8-4bd4-b989-81827f592933	2025-12-26 02:52:58.08997+00	2025-12-26 02:52:58.08997+00	\N	b88fe81d-126d-430f-bd6b-4eee2a666111	2718e35b-ec13-4264-8c69-bd0eb5adabe6	100000.00	2025-12-26 02:52:56.275	[TC-1] Warm-up Load - VU:3 - Iter:16
73fbf2f7-641d-4646-98f4-2a5a89495c58	2025-12-26 02:52:59.685222+00	2025-12-26 02:52:59.685222+00	\N	b88fe81d-126d-430f-bd6b-4eee2a666111	2718e35b-ec13-4264-8c69-bd0eb5adabe6	100000.00	2025-12-26 02:52:57.335	[TC-1] Warm-up Load - VU:4 - Iter:9
5df63adf-1498-487e-a9a1-bc08bc6b0342	2025-12-26 02:53:01.353198+00	2025-12-26 02:53:01.353198+00	\N	b88fe81d-126d-430f-bd6b-4eee2a666111	2718e35b-ec13-4264-8c69-bd0eb5adabe6	100000.00	2025-12-26 02:52:59.289	[TC-1] Warm-up Load - VU:3 - Iter:17
72fe750c-97f9-4122-9b0e-2f4b7e2c170d	2025-12-26 02:53:03.129379+00	2025-12-26 02:53:03.129379+00	\N	b88fe81d-126d-430f-bd6b-4eee2a666111	2718e35b-ec13-4264-8c69-bd0eb5adabe6	100000.00	2025-12-26 02:52:59.416	[TC-1] Warm-up Load - VU:5 - Iter:4
1131faf8-3925-45d2-9aa0-581897567709	2025-12-26 02:53:03.486195+00	2025-12-26 02:53:03.486195+00	\N	b88fe81d-126d-430f-bd6b-4eee2a666111	2718e35b-ec13-4264-8c69-bd0eb5adabe6	100000.00	2025-12-26 02:52:59.38	[TC-1] Warm-up Load - VU:2 - Iter:20
41899574-e193-43a3-8895-1cdabb948884	2025-12-26 02:53:03.818908+00	2025-12-26 02:53:03.818908+00	\N	b88fe81d-126d-430f-bd6b-4eee2a666111	2718e35b-ec13-4264-8c69-bd0eb5adabe6	100000.00	2025-12-26 02:52:59.737	[TC-1] Warm-up Load - VU:1 - Iter:1
fe809227-e5c3-4157-9284-bc855ef348a8	2025-12-26 02:53:05.542453+00	2025-12-26 02:53:05.542453+00	\N	b88fe81d-126d-430f-bd6b-4eee2a666111	2718e35b-ec13-4264-8c69-bd0eb5adabe6	100000.00	2025-12-26 02:53:01.915	[TC-1] Warm-up Load - VU:4 - Iter:10
ef5ac230-bc06-44f6-90a2-ec3b5036b241	2025-12-26 02:53:05.848122+00	2025-12-26 02:53:05.848122+00	\N	b88fe81d-126d-430f-bd6b-4eee2a666111	2718e35b-ec13-4264-8c69-bd0eb5adabe6	100000.00	2025-12-26 02:53:03.318	[TC-1] Warm-up Load - VU:3 - Iter:18
ccecf1e4-a4c5-490a-984a-6568915cf733	2025-12-26 02:53:08.432503+00	2025-12-26 02:53:08.432503+00	\N	b88fe81d-126d-430f-bd6b-4eee2a666111	2718e35b-ec13-4264-8c69-bd0eb5adabe6	100000.00	2025-12-26 02:53:04.92	[TC-1] Warm-up Load - VU:2 - Iter:21
f2321b7a-3042-40c9-9f79-344f16d56d49	2025-12-26 02:53:09.843611+00	2025-12-26 02:53:09.843611+00	\N	b88fe81d-126d-430f-bd6b-4eee2a666111	2718e35b-ec13-4264-8c69-bd0eb5adabe6	100000.00	2025-12-26 02:53:05.896	[TC-1] Warm-up Load - VU:5 - Iter:5
3539ab44-8255-4352-9e1d-894b2d83d05d	2025-12-26 02:53:10.726235+00	2025-12-26 02:53:10.726235+00	\N	b88fe81d-126d-430f-bd6b-4eee2a666111	2718e35b-ec13-4264-8c69-bd0eb5adabe6	100000.00	2025-12-26 02:53:07.021	[TC-1] Warm-up Load - VU:3 - Iter:19
c0bb0a27-e8f5-4ad0-b13e-2c7919b24eef	2025-12-26 02:53:10.846463+00	2025-12-26 02:53:10.846463+00	\N	b88fe81d-126d-430f-bd6b-4eee2a666111	2718e35b-ec13-4264-8c69-bd0eb5adabe6	100000.00	2025-12-26 02:53:06.42	[TC-1] Warm-up Load - VU:1 - Iter:2
95f57d71-d825-45be-88b6-59d2de7e7619	2025-12-26 02:53:11.540662+00	2025-12-26 02:53:11.540662+00	\N	b88fe81d-126d-430f-bd6b-4eee2a666111	2718e35b-ec13-4264-8c69-bd0eb5adabe6	100000.00	2025-12-26 02:53:07.633	[TC-1] Warm-up Load - VU:4 - Iter:11
5295f75d-e4fe-4c47-afb4-3f7230b3512e	2025-12-26 02:53:12.916711+00	2025-12-26 02:53:12.916711+00	\N	b88fe81d-126d-430f-bd6b-4eee2a666111	2718e35b-ec13-4264-8c69-bd0eb5adabe6	100000.00	2025-12-26 02:53:09.987	[TC-1] Warm-up Load - VU:2 - Iter:22
0ed64b07-3b53-4db6-b276-a8c29da05170	2025-12-26 02:53:13.945427+00	2025-12-26 02:53:13.945427+00	\N	b88fe81d-126d-430f-bd6b-4eee2a666111	2718e35b-ec13-4264-8c69-bd0eb5adabe6	100000.00	2025-12-26 02:53:11.035	[TC-1] Warm-up Load - VU:5 - Iter:6
51510351-b77a-4c40-805d-15113679e990	2025-12-26 02:53:15.937566+00	2025-12-26 02:53:15.937566+00	\N	b88fe81d-126d-430f-bd6b-4eee2a666111	2718e35b-ec13-4264-8c69-bd0eb5adabe6	100000.00	2025-12-26 02:53:12.239	[TC-1] Warm-up Load - VU:1 - Iter:3
cad2a9f0-dc8a-48b8-a9bf-43b63b23ed2c	2025-12-26 02:53:16.471759+00	2025-12-26 02:53:16.471759+00	\N	b88fe81d-126d-430f-bd6b-4eee2a666111	2718e35b-ec13-4264-8c69-bd0eb5adabe6	100000.00	2025-12-26 02:53:12.782	[TC-1] Warm-up Load - VU:4 - Iter:12
aa608df1-72a3-452c-8f41-6c38b20173d3	2025-12-26 02:53:16.854709+00	2025-12-26 02:53:16.854709+00	\N	b88fe81d-126d-430f-bd6b-4eee2a666111	2718e35b-ec13-4264-8c69-bd0eb5adabe6	100000.00	2025-12-26 02:53:13.058	[TC-1] Warm-up Load - VU:3 - Iter:20
ad69457f-e666-4c75-a929-646a2ae14327	2025-12-26 02:53:18.211561+00	2025-12-26 02:53:18.211561+00	\N	b88fe81d-126d-430f-bd6b-4eee2a666111	2718e35b-ec13-4264-8c69-bd0eb5adabe6	100000.00	2025-12-26 02:53:15.497	[TC-1] Warm-up Load - VU:2 - Iter:23
731a39bc-2a81-44c3-bb6c-44c860b3cbe0	2025-12-26 02:53:18.676135+00	2025-12-26 02:53:18.676135+00	\N	b88fe81d-126d-430f-bd6b-4eee2a666111	2718e35b-ec13-4264-8c69-bd0eb5adabe6	100000.00	2025-12-26 02:53:16.41	[TC-1] Warm-up Load - VU:5 - Iter:7
de92e9f2-7522-4cf3-99c8-2b4e70bccfe3	2025-12-26 02:53:21.364809+00	2025-12-26 02:53:21.364809+00	\N	b88fe81d-126d-430f-bd6b-4eee2a666111	2718e35b-ec13-4264-8c69-bd0eb5adabe6	100000.00	2025-12-26 02:53:18.378	[TC-1] Warm-up Load - VU:1 - Iter:4
f3b0cac9-bb7a-4b11-8c4a-e468d0ef1668	2025-12-26 02:53:22.672577+00	2025-12-26 02:53:22.672577+00	\N	b88fe81d-126d-430f-bd6b-4eee2a666111	2718e35b-ec13-4264-8c69-bd0eb5adabe6	100000.00	2025-12-26 02:53:18.863	[TC-1] Warm-up Load - VU:4 - Iter:13
0755b252-e1b9-416f-b3d7-a0d0f6fa36c2	2025-12-26 02:53:23.554726+00	2025-12-26 02:53:23.554726+00	\N	b88fe81d-126d-430f-bd6b-4eee2a666111	2718e35b-ec13-4264-8c69-bd0eb5adabe6	100000.00	2025-12-26 02:53:20.293	[TC-1] Warm-up Load - VU:5 - Iter:8
d70a5ae2-28fd-41ea-9eb2-7ac89d724f78	2025-12-26 02:53:23.751209+00	2025-12-26 02:53:23.751209+00	\N	b88fe81d-126d-430f-bd6b-4eee2a666111	2718e35b-ec13-4264-8c69-bd0eb5adabe6	100000.00	2025-12-26 02:53:19.674	[TC-1] Warm-up Load - VU:3 - Iter:21
b7bdd63d-be71-4cb8-a5c0-71f60070e16b	2025-12-26 02:53:24.523333+00	2025-12-26 02:53:24.523333+00	\N	b88fe81d-126d-430f-bd6b-4eee2a666111	2718e35b-ec13-4264-8c69-bd0eb5adabe6	100000.00	2025-12-26 02:53:19.695	[TC-1] Warm-up Load - VU:2 - Iter:24
d38fb898-f0f0-4553-b81a-60676386d88a	2025-12-26 02:53:27.238462+00	2025-12-26 02:53:27.238462+00	\N	b88fe81d-126d-430f-bd6b-4eee2a666111	2718e35b-ec13-4264-8c69-bd0eb5adabe6	100000.00	2025-12-26 02:53:24.42	[TC-1] Warm-up Load - VU:4 - Iter:14
425563e0-a762-40b3-839e-953472e7e9c9	2025-12-26 02:53:27.685181+00	2025-12-26 02:53:27.685181+00	\N	b88fe81d-126d-430f-bd6b-4eee2a666111	2718e35b-ec13-4264-8c69-bd0eb5adabe6	100000.00	2025-12-26 02:53:24.188	[TC-1] Warm-up Load - VU:1 - Iter:5
7973514d-d5d1-42c5-9576-000472f887b1	2025-12-26 02:53:27.958021+00	2025-12-26 02:53:27.958021+00	\N	b88fe81d-126d-430f-bd6b-4eee2a666111	2718e35b-ec13-4264-8c69-bd0eb5adabe6	100000.00	2025-12-26 02:53:24.761	[TC-1] Warm-up Load - VU:5 - Iter:9
136eabcc-5dbd-4a8d-88df-efaf252b469a	2025-12-26 02:53:29.23138+00	2025-12-26 02:53:29.23138+00	\N	b88fe81d-126d-430f-bd6b-4eee2a666111	2718e35b-ec13-4264-8c69-bd0eb5adabe6	100000.00	2025-12-26 02:53:26.252	[TC-1] Warm-up Load - VU:3 - Iter:22
65f676bf-cf09-4e81-be52-7b9b480f948a	2025-12-26 02:53:30.218296+00	2025-12-26 02:53:30.218296+00	\N	b88fe81d-126d-430f-bd6b-4eee2a666111	2718e35b-ec13-4264-8c69-bd0eb5adabe6	100000.00	2025-12-26 02:53:26.668	[TC-1] Warm-up Load - VU:2 - Iter:25
38d9f427-40e5-4ffd-a691-4e29d3c90422	2025-12-26 02:53:31.68386+00	2025-12-26 02:53:31.68386+00	\N	b88fe81d-126d-430f-bd6b-4eee2a666111	2718e35b-ec13-4264-8c69-bd0eb5adabe6	100000.00	2025-12-26 02:53:28.282	[TC-1] Warm-up Load - VU:4 - Iter:15
5a482c25-c0a9-460c-b9f3-996802fcb293	2025-12-26 02:53:32.050886+00	2025-12-26 02:53:32.050886+00	\N	b88fe81d-126d-430f-bd6b-4eee2a666111	2718e35b-ec13-4264-8c69-bd0eb5adabe6	100000.00	2025-12-26 02:53:29.177	[TC-1] Warm-up Load - VU:5 - Iter:10
7cae031f-f0bb-47af-9d06-08f6497aa59c	2025-12-26 02:53:33.178916+00	2025-12-26 02:53:33.178916+00	\N	b88fe81d-126d-430f-bd6b-4eee2a666111	2718e35b-ec13-4264-8c69-bd0eb5adabe6	100000.00	2025-12-26 02:53:30.206	[TC-1] Warm-up Load - VU:1 - Iter:6
74a5f95e-88fb-4e50-8919-cf5ba82ee75e	2025-12-26 02:53:34.073336+00	2025-12-26 02:53:34.073336+00	\N	b88fe81d-126d-430f-bd6b-4eee2a666111	2718e35b-ec13-4264-8c69-bd0eb5adabe6	100000.00	2025-12-26 02:53:32.047	[TC-1] Warm-up Load - VU:3 - Iter:23
c0faca2c-3496-4086-914c-37f07fe70f3d	2025-12-26 02:53:36.328887+00	2025-12-26 02:53:36.328887+00	\N	b88fe81d-126d-430f-bd6b-4eee2a666111	2718e35b-ec13-4264-8c69-bd0eb5adabe6	100000.00	2025-12-26 02:53:33.007	[TC-1] Warm-up Load - VU:2 - Iter:26
638c51bf-9486-4bb3-b21b-fb9dc65003b2	2025-12-26 02:53:37.977147+00	2025-12-26 02:53:37.977147+00	\N	b88fe81d-126d-430f-bd6b-4eee2a666111	2718e35b-ec13-4264-8c69-bd0eb5adabe6	100000.00	2025-12-26 02:53:34.489	[TC-1] Warm-up Load - VU:5 - Iter:11
0d2a34cb-569a-481e-ba3d-9321cc4f28ac	2025-12-26 02:53:38.238201+00	2025-12-26 02:53:38.238201+00	\N	b88fe81d-126d-430f-bd6b-4eee2a666111	2718e35b-ec13-4264-8c69-bd0eb5adabe6	100000.00	2025-12-26 02:53:34.552	[TC-1] Warm-up Load - VU:4 - Iter:16
b0aba8de-9982-4d40-a56f-d5b47b137424	2025-12-26 02:53:39.203939+00	2025-12-26 02:53:39.203939+00	\N	b88fe81d-126d-430f-bd6b-4eee2a666111	2718e35b-ec13-4264-8c69-bd0eb5adabe6	100000.00	2025-12-26 02:53:35.544	[TC-1] Warm-up Load - VU:1 - Iter:7
92a827d1-7147-42d0-9368-8f785f35e4c4	2025-12-26 02:53:39.699133+00	2025-12-26 02:53:39.699133+00	\N	b88fe81d-126d-430f-bd6b-4eee2a666111	2718e35b-ec13-4264-8c69-bd0eb5adabe6	100000.00	2025-12-26 02:53:36.152	[TC-1] Warm-up Load - VU:3 - Iter:24
a14dfce1-4094-4a23-a70f-480ea9824636	2025-12-26 02:53:41.052119+00	2025-12-26 02:53:41.052119+00	\N	b88fe81d-126d-430f-bd6b-4eee2a666111	2718e35b-ec13-4264-8c69-bd0eb5adabe6	100000.00	2025-12-26 02:53:38.004	[TC-1] Warm-up Load - VU:2 - Iter:27
d1a605ea-61a1-46e6-a484-0fd18b093561	2025-12-26 02:53:42.80197+00	2025-12-26 02:53:42.80197+00	\N	b88fe81d-126d-430f-bd6b-4eee2a666111	2718e35b-ec13-4264-8c69-bd0eb5adabe6	100000.00	2025-12-26 02:53:40.173	[TC-1] Warm-up Load - VU:5 - Iter:12
cefa7313-bc51-4855-b82c-edd30ad68b8d	2025-12-26 02:53:43.558181+00	2025-12-26 02:53:43.558181+00	\N	b88fe81d-126d-430f-bd6b-4eee2a666111	2718e35b-ec13-4264-8c69-bd0eb5adabe6	100000.00	2025-12-26 02:53:40.237	[TC-1] Warm-up Load - VU:4 - Iter:17
c8d9e069-9cd9-4b40-8988-03ea94bab0b9	2025-12-26 02:53:45.003662+00	2025-12-26 02:53:45.003662+00	\N	b88fe81d-126d-430f-bd6b-4eee2a666111	2718e35b-ec13-4264-8c69-bd0eb5adabe6	100000.00	2025-12-26 02:53:40.704	[TC-1] Warm-up Load - VU:1 - Iter:8
29134e5a-43f0-49ce-84e8-d76b13b1ca7b	2025-12-26 02:53:46.065081+00	2025-12-26 02:53:46.065081+00	\N	b88fe81d-126d-430f-bd6b-4eee2a666111	2718e35b-ec13-4264-8c69-bd0eb5adabe6	100000.00	2025-12-26 02:53:42.278	[TC-1] Warm-up Load - VU:3 - Iter:25
71bdb7e3-16ad-4512-bb35-3eb3faa8d3b4	2025-12-26 02:53:46.854497+00	2025-12-26 02:53:46.854497+00	\N	b88fe81d-126d-430f-bd6b-4eee2a666111	2718e35b-ec13-4264-8c69-bd0eb5adabe6	100000.00	2025-12-26 02:53:42.92	[TC-1] Warm-up Load - VU:2 - Iter:28
c9e174a6-a331-4c79-a42c-be825d1b1306	2025-12-26 02:53:47.593647+00	2025-12-26 02:53:47.593647+00	\N	b88fe81d-126d-430f-bd6b-4eee2a666111	2718e35b-ec13-4264-8c69-bd0eb5adabe6	100000.00	2025-12-26 02:53:44.497	[TC-1] Warm-up Load - VU:5 - Iter:13
725f3195-3049-48bf-bfb0-a53a15c92915	2025-12-26 02:53:48.031991+00	2025-12-26 02:53:48.031991+00	\N	b88fe81d-126d-430f-bd6b-4eee2a666111	2718e35b-ec13-4264-8c69-bd0eb5adabe6	100000.00	2025-12-26 02:53:44.84	[TC-1] Warm-up Load - VU:4 - Iter:18
13219ae7-67ab-451b-ae02-934bd4ca5fbd	2025-12-26 02:53:49.370265+00	2025-12-26 02:53:49.370265+00	\N	b88fe81d-126d-430f-bd6b-4eee2a666111	2718e35b-ec13-4264-8c69-bd0eb5adabe6	100000.00	2025-12-26 02:53:47.416	[TC-1] Warm-up Load - VU:3 - Iter:26
497892ac-0c18-4895-89ad-69c9492cd4c0	2025-12-26 02:53:51.45563+00	2025-12-26 02:53:51.45563+00	\N	b88fe81d-126d-430f-bd6b-4eee2a666111	2718e35b-ec13-4264-8c69-bd0eb5adabe6	100000.00	2025-12-26 02:53:47.958	[TC-1] Warm-up Load - VU:1 - Iter:9
599b8311-1a8e-4444-9b2a-6a41471e58ed	2025-12-26 02:53:53.038801+00	2025-12-26 02:53:53.038801+00	\N	b88fe81d-126d-430f-bd6b-4eee2a666111	2718e35b-ec13-4264-8c69-bd0eb5adabe6	100000.00	2025-12-26 02:53:49.325	[TC-1] Warm-up Load - VU:4 - Iter:19
158aed48-c72c-4ad6-bdbc-e16b8de73cfa	2025-12-26 02:53:54.195854+00	2025-12-26 02:53:54.195854+00	\N	b88fe81d-126d-430f-bd6b-4eee2a666111	2718e35b-ec13-4264-8c69-bd0eb5adabe6	100000.00	2025-12-26 02:53:49.856	[TC-1] Warm-up Load - VU:5 - Iter:14
0ffe36c4-09ae-4399-bc72-158904ec135d	2025-12-26 02:53:54.356666+00	2025-12-26 02:53:54.356666+00	\N	b88fe81d-126d-430f-bd6b-4eee2a666111	2718e35b-ec13-4264-8c69-bd0eb5adabe6	100000.00	2025-12-26 02:53:51.111	[TC-1] Warm-up Load - VU:3 - Iter:27
b28ad7a9-a2cd-4601-b7b8-83aaf048e70f	2025-12-26 02:53:55.251078+00	2025-12-26 02:53:55.251078+00	\N	b88fe81d-126d-430f-bd6b-4eee2a666111	2718e35b-ec13-4264-8c69-bd0eb5adabe6	100000.00	2025-12-26 02:53:49.524	[TC-1] Warm-up Load - VU:2 - Iter:29
4058b4b7-6f9c-4705-bc5e-9d7679c46308	2025-12-26 02:53:55.905269+00	2025-12-26 02:53:55.905269+00	\N	b88fe81d-126d-430f-bd6b-4eee2a666111	2718e35b-ec13-4264-8c69-bd0eb5adabe6	100000.00	2025-12-26 02:53:52.708	[TC-1] Warm-up Load - VU:1 - Iter:10
\.


--
-- Data for Name: users; Type: TABLE DATA; Schema: public; Owner: postgres
--

COPY public.users (id, created_at, updated_at, deleted_at, name, email, password, role, email_verfied_at) FROM stdin;
fdd21424-deca-4f66-8c3a-c847fd2cc086	2025-12-25 11:45:44.252362+00	2025-12-25 11:47:19.389422+00	\N	Muhammad Mifta	madmifta77@gmail.com	$2a$04$3mMJxAr5XGV6Qrz.t19d/.xJOmtP1AZ0GXTVN4uyzv/1wrhzjOXgK	user	2025-12-25 11:47:19.388245
\.


--
-- Data for Name: wallet_types; Type: TABLE DATA; Schema: public; Owner: postgres
--

COPY public.wallet_types (id, created_at, updated_at, deleted_at, name, type) FROM stdin;
d758153c-3235-4686-aa19-5fb92dd23498	\N	\N	\N	Bank NTB Syariah	bank
ac3599e0-1333-4122-9ac3-2b27f3a33ace	\N	\N	\N	CIMB Niaga	bank
27dbdd65-679c-4661-b6ef-77065103ce36	\N	\N	\N	Mandiri	bank
1f92d7e9-fdb0-4bc0-afd2-9a186ac2610c	\N	\N	\N	BNI (Bank Negara Indonesia)	bank
759514be-a910-42df-b6ab-1db5e135e915	\N	\N	\N	Koperasi Syariah	others
00c0f650-acd3-4f9a-ad86-46ddf3b9b613	\N	\N	\N	Bank Victoria International	bank
c683631b-02f0-403b-a0cf-9aed0575cd94	\N	\N	\N	Bank BTPN (Jenius)	bank
cda31d4a-7746-4b7e-a75a-aae522dcdc26	\N	\N	\N	BCA (Bank Central Asia)	bank
273f561e-4293-49f6-9782-cb71b73bb37b	\N	\N	\N	Bank Bukopin	bank
bfc90a85-0f39-42f9-9531-449b1aad5abc	\N	\N	\N	Bank Jago	bank
b5b4d1ef-9783-4b0b-be27-0409d3288a74	\N	\N	\N	Jenius (BTPN)	e-wallet
72c0865c-55f8-47e6-a08b-b1836d936ed4	\N	\N	\N	ShopeePay (Shopee)	e-wallet
7869370b-f3e5-4a61-8c68-e49bb5367ee7	\N	\N	\N	Bank Permata	bank
2c8a9a51-c149-49ce-97e2-227d89dd0a05	\N	\N	\N	Bank Mega	bank
646379db-1e92-43b4-a735-6b71d4626acf	\N	\N	\N	Bank Danamon	bank
b76311d3-8a3d-49bd-a804-3be797014001	\N	\N	\N	Bank Muamalat	bank
0e564bfa-0472-40ca-8621-bec26d29884f	\N	\N	\N	Safe Deposit Box	physical
117f79a1-c464-4728-9800-0eaaa083ee13	\N	\N	\N	Bank DKI	bank
81c3b7d9-9e8f-4026-9912-d88a55c8774e	\N	\N	\N	Paytren	e-wallet
effa2c68-3516-4ebd-a078-3cfd84be9ad5	\N	\N	\N	Dana Syariah	e-wallet
46772226-0eea-4f66-8601-5f86e22739af	\N	\N	\N	Jago Pocket (Bank Jago)	e-wallet
7f787604-3942-45b8-9ee2-b9a8d554cd0a	\N	\N	\N	Seabank (Bank Digital SeaGroup)	bank
80b97d24-c8e0-4506-a53b-c3b68391e714	\N	\N	\N	Bank Syariah Indonesia (BSI)	bank
ba00a85a-8bce-4748-b6ba-81d515279879	\N	\N	\N	LinkAja	e-wallet
3b5004d5-6559-4338-83e4-e805db34d40e	\N	\N	\N	Sakuku (BCA)	e-wallet
bc1e8fab-6483-40a4-9fbb-0e9970f740e0	\N	\N	\N	Celengan (Piggy Bank)	physical
4533f6b6-0319-4899-a662-f79738f7818b	\N	\N	\N	LinkAja Syariah	e-wallet
bf2ee8e5-06a2-4d42-a6c6-e090721f547b	\N	\N	\N	iSaku	e-wallet
23ef77e4-d147-4c76-8fd0-223f641aa090	\N	\N	\N	DBS PayLah! (DBS Indonesia)	e-wallet
4a976521-1906-4a8b-98e3-9d01103cf398	\N	\N	\N	Bank Aceh Syariah	bank
bbd5907c-dea9-4a8b-959f-fa743299e017	\N	\N	\N	Bank Mayora	bank
32fadfe1-429a-4198-84dd-4409958058c6	\N	\N	\N	Doku	e-wallet
537a5212-9a9f-42b0-8c9e-f476453c2190	\N	\N	\N	Bank Sahabat Sampoerna	bank
7792687f-a9a7-4d2c-b520-da5e81f42572	\N	\N	\N	Flip	e-wallet
db87b104-6915-4171-a10d-2c896451a0c3	\N	\N	\N	Bank BCA Syariah	bank
a6a95f7b-e253-4142-a7e7-aa36579973a1	\N	\N	\N	Blu by BCA Digital	e-wallet
92f8cbdb-3594-4662-b86a-9a0df4f0c29f	\N	\N	\N	Octo Clicks (CIMB Niaga)	e-wallet
2b1fb5dc-1836-409c-9696-283bc2673c04	\N	\N	\N	Bank Neo Commerce	bank
f362f326-3da9-4c0b-91a8-27a251e18334	\N	\N	\N	Bank Nagari	bank
0e1c48d1-a6a1-49db-bdf2-c4b0584dc0f1	\N	\N	\N	Livin by Mandiri	e-wallet
e73cc986-290e-4600-a443-da8cbdac2a2f	\N	\N	\N	Akulaku	e-wallet
d0fdc259-4121-476c-8890-b68488a0bf9c	\N	\N	\N	Dompet Fisik (Cash)	physical
9d68612c-3d50-4b74-bf22-e452e69be052	\N	\N	\N	Bank Tabungan Negara (BTN)	bank
02e8d165-2f9b-4a6b-8b79-59c0c70e3119	\N	\N	\N	GoPay (Gojek)	e-wallet
afa992b9-be03-4a4e-bbbc-2e675197c814	\N	\N	\N	DBS Indonesia	bank
7214786f-274a-461d-95f9-1b46c2dea1b0	\N	\N	\N	Bank BJB (Bank Jabar Banten)	bank
c1e538b0-6f5e-4a14-b1fa-68ef7e5f4bae	\N	\N	\N	Bank Panin	bank
76e11c81-f59a-4506-ba8b-2421c1ba5867	\N	\N	\N	Kredivo PayLater	e-wallet
5e8ce0a0-18a3-4645-8882-5d6458ea7f6e	\N	\N	\N	BRI (Bank Rakyat Indonesia)	bank
5d3793c4-6972-46c4-bc26-95c60ee7945e	\N	\N	\N	OCBC NISP	bank
baacb939-dbfb-4218-8910-9ccde6a035b0	\N	\N	\N	OY! Indonesia	e-wallet
f3ab7c75-a46e-4b66-ba2e-3cc0bc43e885	\N	\N	\N	Bank Sinarmas	bank
96e76b7e-4708-44aa-91f1-dea4b7351ceb	\N	\N	\N	Nobu (Bank Nationalnobu)	e-wallet
35197fbf-e14c-4057-bd9a-3c6cd4496277	\N	\N	\N	OVO (Grab)	e-wallet
1f9cf249-058a-47ab-9049-9c505a05fcdf	\N	\N	\N	DANA	e-wallet
72524fa7-43c0-4f2d-b0bf-0fac97bc0e9d	\N	\N	\N	QRIS (Sistem Pembayaran Nasional)	e-wallet
8932e47d-67ea-4dd2-9487-ea1b570129ae	\N	\N	\N	Maybank Indonesia	bank
7b3c2519-1e1e-4505-bf5c-46b60fbbfda1	\N	\N	\N	Koperasi Pegawai Negeri (KPN)	others
26942d5c-8ff3-47c0-bfec-80674f7369a7	\N	\N	\N	Pluang	e-wallet
\.


--
-- Data for Name: wallets; Type: TABLE DATA; Schema: public; Owner: postgres
--

COPY public.wallets (id, created_at, updated_at, deleted_at, user_id, wallet_type_id, name, balance, number) FROM stdin;
7f051477-ab5a-484a-8c06-38fdcbb7f369	2025-12-25 11:50:03.156283+00	2025-12-26 02:33:52.421306+00	\N	fdd21424-deca-4f66-8c3a-c847fd2cc086	bc1e8fab-6483-40a4-9fbb-0e9970f740e0	Test	0.00	12120112121
b88fe81d-126d-430f-bd6b-4eee2a666111	2025-12-25 11:49:55.550847+00	2025-12-26 02:53:55.904855+00	\N	fdd21424-deca-4f66-8c3a-c847fd2cc086	bc1e8fab-6483-40a4-9fbb-0e9970f740e0	Test	19800000.00	12120112121
\.


--
-- Name: jobid_seq; Type: SEQUENCE SET; Schema: cron; Owner: postgres
--

SELECT pg_catalog.setval('cron.jobid_seq', 4, true);


--
-- Name: runid_seq; Type: SEQUENCE SET; Schema: cron; Owner: postgres
--

SELECT pg_catalog.setval('cron.runid_seq', 4, true);


--
-- Name: goose_db_version_id_seq; Type: SEQUENCE SET; Schema: public; Owner: postgres
--

SELECT pg_catalog.setval('public.goose_db_version_id_seq', 6, true);


--
-- Name: goose_db_version goose_db_version_pkey; Type: CONSTRAINT; Schema: public; Owner: postgres
--

ALTER TABLE ONLY public.goose_db_version
    ADD CONSTRAINT goose_db_version_pkey PRIMARY KEY (id);


--
-- Name: idx_view_user_monthly_summaries_user_id; Type: INDEX; Schema: public; Owner: postgres
--

CREATE INDEX idx_view_user_monthly_summaries_user_id ON public.view_user_monthly_summaries USING btree (user_id, month_name);


--
-- Name: idx_view_user_most_expenses_user_id; Type: INDEX; Schema: public; Owner: postgres
--

CREATE INDEX idx_view_user_most_expenses_user_id ON public.view_user_most_expenses USING btree (user_id, parent_category_name);


--
-- Name: idx_view_user_summaries_user_id; Type: INDEX; Schema: public; Owner: postgres
--

CREATE INDEX idx_view_user_summaries_user_id ON public.view_user_summaries USING btree (user_id);


--
-- Name: idx_view_user_wallet_daily_summaries_user_id; Type: INDEX; Schema: public; Owner: postgres
--

CREATE INDEX idx_view_user_wallet_daily_summaries_user_id ON public.view_user_wallet_daily_summaries USING btree (user_id, date);


--
-- Name: view_user_monthly_summaries; Type: MATERIALIZED VIEW DATA; Schema: public; Owner: postgres
--

REFRESH MATERIALIZED VIEW public.view_user_monthly_summaries;


--
-- Name: view_user_most_expenses; Type: MATERIALIZED VIEW DATA; Schema: public; Owner: postgres
--

REFRESH MATERIALIZED VIEW public.view_user_most_expenses;


--
-- Name: view_user_wallet_daily_summaries; Type: MATERIALIZED VIEW DATA; Schema: public; Owner: postgres
--

REFRESH MATERIALIZED VIEW public.view_user_wallet_daily_summaries;


--
-- Name: view_user_summaries; Type: MATERIALIZED VIEW DATA; Schema: public; Owner: postgres
--

REFRESH MATERIALIZED VIEW public.view_user_summaries;


--
-- PostgreSQL database dump complete
--

\unrestrict xjl9JbHJ7zcCbj3gSryN3rYEGGvETOTpkeEDlbxvZZ8TISAMDYTxdPuHjexdgZ2

